,Wilayah,Kode Kecamatan,Kecamatan,NamaTaman,Alamat,Luas (m2),Data Tahun
0,Bojonegara,327301,Sukasari,Taman Gegerkalong/Setiabudhi,Jl. Setiabudhi,1528.0,2017
1,Bojonegara,327301,Sukasari,Taman Sukajadi/Setiabudhi,Jl. Setiabudhi,76903.0,2017
2,Bojonegara,327301,Sukasari,Taman Setiabudhi/Karang Sari,Jl. Setiabudhi,66135.0,2017
3,Bojonegara,327301,Sukasari,Taman Batas Kota Setiabudhi,Jl. Setiabudhi,350.0,2017
4,Bojonegara,327301,Sukasari,Taman Pintu Gerbang,Jl. Cijerokaso ,57405.0,2017
5,Bojonegara,327301,Sukasari,Taman Batu,Jl. Cijerokaso ,299033.0,2017
6,Bojonegara,327301,Sukasari,Taman WTP (Groun TankI),Jl. Cijerokaso ,552.0,2017
7,Bojonegara,327301,Sukasari,Taman Kav. 10 - Jembatan 1,Jl. Cijerokaso ,7448.0,2017
8,Bojonegara,327301,Sukasari,Taman Play Ground I,Jl. Cijerokaso ,46491.0,2017
9,Bojonegara,327301,Sukasari,Taman Play Ground II,Jl. Cijerokaso ,36175.0,2017
10,Bojonegara,327301,Sukasari,Taman Kav. 68 - 69,Jl. Cijerokaso ,209.0,2017
11,Bojonegara,327301,Sukasari,Taman Blok F,Jl. Cijerokaso ,18618.0,2017
12,Bojonegara,327301,Sukasari,Taman Sebrang F. 07,Jl. Cijerokaso ,5375.0,2017
13,Bojonegara,327301,Sukasari,Taman Kav. 79,Jl. Cijerokaso ,8875.0,2017
14,Bojonegara,327301,Sukasari,Taman Kav. 88 - 106,Jl. Cijerokaso ,9575.0,2017
15,Bojonegara,327301,Sukasari,Taman Parkir,Jl. Cijerokaso ,116212.0,2017
16,Bojonegara,327301,Sukasari,Taman Masjid dan Masjid,Jl. Cijerokaso ,95654.0,2017
17,Bojonegara,327301,Sukasari,Lapang Basket dan Ground Tank II,Jl. Cijerokaso ,76274.0,2017
18,Bojonegara,327301,Sukasari,Lapangan Tenis,Jl. Cijerokaso ,165342.0,2017
19,Bojonegara,327301,Sukasari,Taman Lansia Komplek KPAD Gegerkalong,Komplek KPAD Gegerkalong,510.0,2017
20,Bojonegara,327301,Sukasari,Jalur Raya Komplek KPAD,Komplek KPAD Gegerkalong,12900.0,2017
21,Bojonegara,327301,Sukasari,Lapangan Olahraga Komplek KPAD Gegerkalong,Komplek KPAD Gegerkalong,20150.0,2017
22,Bojonegara,327301,Sukasari,Taman Anak Komplek KPAD Gegerkalong,Komplek KPAD Gegerkalong,2007.0,2017
23,Bojonegara,327307,Sukajadi,Taman Sukajadi/Cemara,Jl. Sukajadi,395.0,2017
24,Bojonegara,327307,Sukajadi,Taman Angklung,Jl. Sukajadi,182352.0,2017
25,Bojonegara,327307,Sukajadi,Taman Sukajadi/Eykman,Jl. Sukajadi,173344.0,2017
26,Bojonegara,327307,Sukajadi,Taman Setiabudhi/Cipaganti,Jl. Dr. Setiabudi,15297.0,2017
27,Bojonegara,327307,Sukajadi,Taman Setiabudhi/Sindang Sirna,Jl. Sukajadi,972.0,2017
28,Bojonegara,327307,Sukajadi,Taman Sukajadi/Karangtineung,Jl. Sukajadi,19405.0,2017
29,Bojonegara,327307,Sukajadi,Taman Pulau Jl. Setiabudhi - Jl. Sukajadi,Jl. Setiabudhi -Jl. Sukajadi,79609.0,2017
30,Bojonegara,327307,Sukajadi,Taman Sukajadi/Karangtinggal,Jl. Sukajadi,250.0,2017
31,Bojonegara,327307,Sukajadi,Taman Sukajadi/Sukamaju,Jl. Sukajadi,200.0,2017
32,Bojonegara,327307,Sukajadi, Pulau Jalan Pasirkaliki/Pasteur,Jl. Sukajadi,8956.0,2017
33,Bojonegara,327307,Sukajadi,Taman Sukarasa,Jl. Sukarasa,500.0,2017
36,Bojonegara,327307,Sukajadi,Taman Pro. Eykman/Makmur,Jl. Eykman,790.0,2017
37,Bojonegara,327307,Sukajadi,Taman Sukajadi/Panglayungan,Jl. Sukajadi,269908.0,2017
38,Bojonegara,327307,Sukajadi,Lapang Voli Perumahan Sukamulya Indah,Komplek Perumahan Sukamulya Indah,408.0,2017
39,Bojonegara,327307,Sukajadi,Taman Sukagalih,Jl. Sukagalih (depan Kelurahan),99.0,2017
40,Bojonegara,327307,Sukajadi,Jalur HijauJalur Bungur,Jl. Bungur,264.0,2017
41,Bojonegara,327307,Sukajadi,Taman Sudut Pasirkaliki 1,Jl. Pasteur,59331.0,2017
42,Bojonegara,327307,Sukajadi,Taman Sudut Pasirkaliki 2,Jl. Pasirkaliki,536.0,2017
43,Bojonegara,327307,Sukajadi,Taman Sukamulya/Pasteur,Jl. Pasirkaliki,78252.0,2017
44,Bojonegara,327307,Sukajadi,Taman Surya Sumantri,Jl. Surya Sumantri / Dr. Junjunan,9832.0,2017
45,Bojonegara,327307,Sukajadi,Taman Sukamulya Bunderan,Jl. Pasteur,3785.0,2017
46,Bojonegara,327307,Sukajadi,Jalur Dr. Djundjunan,Jl. Dr. Djundjunan -Jl. Suria Sumantri,625856.0,2017
47,Bojonegara,327307,Sukajadi,Taman Eks SPBU Sukajadi,Jl. Pasteur,425103.0,2017
48,Bojonegara,327307,Sukajadi,Lapangan ABRA,Jl. Cipedes,1496638.0,2017
51,Bojonegara,327307,Sukajadi,Taman Tenteram,Jl. Tenteram,3656.0,2017
52,Bojonegara,327306,Cicendo,Taman Patung Husein,Jl. Padjadjaran,51825.0,2017
53,Bojonegara,327306,Cicendo,Taman Dr. Rajiman,Jl. Dr. Rajiman,8955.0,2017
54,Bojonegara,327306,Cicendo,Taman Dr. Otten 1,Jl. Dr. Otten,317108.0,2017
55,Bojonegara,327306,Cicendo,Taman Dr. Otten 2,Jl. Dr. Otten,58.0,2017
56,Bojonegara,327306,Cicendo,Pulau Jalan Westhcoop I,Jl. Dr. Otten,18306.0,2017
57,Bojonegara,327306,Cicendo,Pulau Jalan Westhcoop II,Jl. Dr. Otten,1375.0,2017
58,Bojonegara,327306,Cicendo,Taman Curie,Jl. Dr. Curie,97404.0,2017
59,Bojonegara,327306,Cicendo,Taman Erligh,Jl. Dr. Erligh,391.0,2017
60,Bojonegara,327306,Cicendo,Taman Abdul Riva'i,Jl. Abdul Riva'I,6717.0,2017
61,Bojonegara,327306,Cicendo,Taman Dr. Cipto,Jl. Pajajaran,170918.0,2017
62,Bojonegara,327306,Cicendo,Taman Pandu/Padjadjaran,Jl. Pajajaran,8225.0,2017
63,Bojonegara,327306,Cicendo,Taman Monumen KTT Non Blok,Jl. Pajajaran,152673.0,2017
64,Bojonegara,327306,Cicendo,Taman Abd. Rachman Saleh ,Jl. Abd. Rachman Saleh,195906.0,2017
65,Bojonegara,327306,Cicendo,Taman Supadio I,Jl. Abd. Rachman Saleh,85875.0,2017
66,Bojonegara,327306,Cicendo,Taman Supadio II,Jl. Abd. Rachman Saleh,4315.0,2017
67,Bojonegara,327306,Cicendo,Taman Nurtanio (Jalur),Jl. Nurtanio/Garuda,56775.0,2017
68,Bojonegara,327306,Cicendo,Taman Adipura,Jl. Padjajaran,18653.0,2017
69,Bojonegara,327306,Cicendo,Taman Sudut Kebon Kawung/Pasirkaliki,Jl. Kebon Kawung/Pasirkaliki,3627.0,2017
70,Bojonegara,327306,Cicendo,Taman Arjuna/Pendawa,Jl. Arjuna,3414.0,2017
71,Bojonegara,327306,Cicendo,Taman Lesmana,Jl. Lesmana,1844.0,2017
72,Bojonegara,327306,Cicendo,Taman Pandu Gereja,Jl. Pandu,988.0,2017
73,Bojonegara,327306,Cicendo,Lap. Kembar Empat,Jl. Muhamad,4488.0,2017
74,Bojonegara,327306,Cicendo,Taman GOR Padjadjaran,Jl. Pajajaran,574507.0,2017
75,Bojonegara,327306,Cicendo,Taman Bima/Kresna,Jl. Bima,11745.0,2017
76,Bojonegara,327306,Cicendo,Taman Bima,Jl. Bima,555.0,2017
78,Bojonegara,327306,Cicendo,Taman Bunderan Arjuna,Jl. Arjuna,225.0,2017
79,Bojonegara,327306,Cicendo,Lapangan Jatayu,Jl. Supadio,46665.0,2017
80,Bojonegara,327306,Cicendo,TamanLapangan Olah Raga Mahmud,Jl. Mahmud,5330.0,2017
81,Bojonegara,327306,Cicendo,Taman Brounsweigh,Jl. Wastukancana,49025.0,2017
82,Bojonegara,327306,Cicendo,Taman Dr. Hatta,Jl. Hatta,280807.0,2017
83,Bojonegara,327305,Andir,Taman Waringin,Jl. Waringin,1981.0,2017
84,Bojonegara,327305,Andir,Taman Rajawali/Arjuna,Jl. Rajawali,376.0,2017
85,Bojonegara,327305,Andir,Jalur Sudirman,Jl. Sudirman,315802.0,2017
86,Bojonegara,327305,Andir,TPJ Sudirman - Rajawali,Jl. Sudirman,82554.0,2017
87,Bojonegara,327305,Andir,Bunderan Sudirman,Jl. Sudirman,735.0,2017
88,Bojonegara,327305,Andir,Jalur Garuda Barat,Jl. Garuda,2405.0,2017
89,Bojonegara,327305,Andir,Jalur Elang,Jl. Elang,139567.0,2017
90,Bojonegara,327305,Andir,Taman Cimindi,Jl. Cimindi,155721.0,2017
91,Bojonegara,327305,Andir,Taman Yaplun,Jl. Yaplun,118496.0,2017
92,Bojonegara,327305,Andir,Taman Sudut Rajawali,Jl. Rajawali,66635.0,2017
93,Bojonegara,327305,Andir,Lapang Elang,Jl. Elang II,10306.0,2017
96,Bojonegara,327305,Andir,Jalur Garuda Timur,Jl. Garuda,296813.0,2017
98,Bojonegara,327305,Andir,Taman RW. 04 Kel. Dungucariang,-,110.0,2017
99,Bojonegara,327305,Andir,Taman RW. 09 Kel. Kebun Jeruk,-,130.0,2017
101,Cibeunying,327308,Cidadap,Taman Ciumbuleuit 1,Jl. Ciumbuleuit,785.0,2017
102,Cibeunying,327308,Cidadap,Taman Hegarmanah Tugu,Jl. Hegarmanah,5876.0,2017
103,Cibeunying,327308,Cidadap,Taman Hegarmanah Tengah,Jl. Hegarmanah,70.0,2017
104,Cibeunying,327308,Cidadap,Taman Ciumbuleuit 2 (Taman Kolam),Jl. Kolam,5120.0,2017
105,Cibeunying,327308,Cidadap,Taman Rancabentang,Jl. Rancabentang,219898.0,2017
106,Cibeunying,327308,Cidadap,Taman HegarmanahLapang Volli,Jl. Hegarmanah,1576.0,2017
107,Cibeunying,327308,Cidadap,Taman Sanirosa,Jl. Sanirosa,135.0,2017
108,Cibeunying,327308,Cidadap,Taman Hegarmanah,Jl. Hegarmanah,900.0,2017
111,Cibeunying,327302,Coblong,Jalur Dago,Jl. Dago,2156.0,2017
112,Cibeunying,327302,Coblong,Taman Keluarga Berencana,Jl. Setiabudhi -Jl. Cihampelas,410.0,2017
113,Cibeunying,327302,Coblong,Taman Siliwangi/Sangkuriang,Jl. Siliwangi,594.0,2017
115,Cibeunying,327302,Coblong,Taman Siliwangi/Sumur Bandung,Jl. Siliwangi,1855.0,2017
116,Cibeunying,327302,Coblong,Taman Ganesha,Jl. Ganesa,9612.0,2017
117,Cibeunying,327302,Coblong,Taman Bapak Husen,Jl. Cipaganti ,639.0,2017
119,Cibeunying,327302,Coblong,Jalur Siliwangi,Jl. Siliwangi,15012.0,2017
121,Cibeunying,327302,Coblong,Taman Dayang Sumbi/Tamansari,Jl. Dayang Sumbi,7546.0,2017
124,Cibeunying,327302,Coblong,Kebun Binatang,Jl. Taman Sari,3587467.0,2017
126,Cibeunying,327302,Coblong,Taman Hewan,Jl. Taman Sari,2456.0,2017
127,Cibeunying,327302,Coblong,Tm. Pulau Jl.Tamansari-Sumur Bandung,Jl. Taman Sari -Jl. Sumur Bandung,24474.0,2017
128,Cibeunying,327302,Coblong,Jalur Setiabudi - Cihampelas,Jl. Cihampelas,965.0,2017
129,Cibeunying,327302,Coblong,Taman Siliwangi , Ir. H. Juanda (simpang),81.0,2017
130,Cibeunying,327302,Coblong,Taman Tilil,"Jl. Puter, Dederuk, Tikukur, Puyuh",242206.0,2017
132,Cibeunying,327302,Coblong,Taman Pulau Jalan Ir. H. DJuanda,Jl. Ir. H. Djuanda,32.0,2017
133,Cibeunying,327302,Coblong,Taman Pulau JalanTamansari ,Jl. Tamansari,36.0,2017
134,Cibeunying,327302,Coblong,Taman Perumnas ,Jl. Sadang serang,45.0,2017
135,Cibeunying,327302,Coblong,TamanJalur Gelap Nyawang,Jl. Gelap Nyawang,44.0,2017
137,Cibeunying,327302,Coblong,Bak Bunga Jalan Pasupati, Jembatan Pasupati,350.0,2017
138,Cibeunying,327302,Coblong,Taman Pulau Jalan Pasupati,"Jl. Ir. H. Djuanda,Jl. Tamansari,Jl. Cikapayang",384.0,2017
139,Cibeunying,327302,Coblong,Taman Monumen Perjuangan Rakyat Jabar,"Jl. Dipatiukur,Jl. Suci",83100.0,2017
140,Cibeunying,327302,Coblong,Taman Bagusrangin,Jl. Bagusrangin,1560.0,2017
141,Cibeunying,327302,Coblong,Taman Panatayuda,Jl. Panatayuda,2387.0,2017
143,Cibeunying,327302,Coblong,Taman Hasanudin,Jl. Dipati Ukur,3400.0,2017
144,Cibeunying,327302,Coblong,Taman Tubagus Ismail,Jl. Tubagus Ismail,86.0,2017
146,Cibeunying,327309,Bandung Wetan,Taman Jl. Diponegoro - Jl. Trunojoyo,Jl. Diponegoro -Jl. Trunojoyo,70918.0,2017
147,Cibeunying,327309,Bandung Wetan,Taman Nyland,Jl. Nyland,78375.0,2017
148,Cibeunying,327309,Bandung Wetan,Taman Waska/Tamansari,Jl. Waska,8149.0,2017
149,Cibeunying,327309,Bandung Wetan,Taman Waska/Purnawarman (Texas),Jl. Wastukancana,1449.0,2017
150,Cibeunying,327309,Bandung Wetan,Taman Waska/Pajajaran (Macan),Jl. Wastukancana,1275.0,2017
151,Cibeunying,327309,Bandung Wetan,Taman Depan Galeria BIP Sumatera/Sulawesi,Jl. Sumatera,2009.0,2017
152,Cibeunying,327309,Bandung Wetan,Taman Waska Panglima,Jl. Wastukancana,1374.0,2017
155,Cibeunying,327309,Bandung Wetan,Taman Viaduct (Pelajar Pejuang dan Laskar Wanita),Jl. Stasiun Timur,255045.0,2017
156,Cibeunying,327309,Bandung Wetan,Taman Seram,Jl. Seram,951123.0,2017
157,Cibeunying,327309,Bandung Wetan,GOR Saparua,Jl. Ambon,44300.0,2017
158,Cibeunying,327309,Bandung Wetan,Taman Lalu Lintas,Jl. Sumatera,4560087.0,2017
159,Cibeunying,327309,Bandung Wetan,Stadion Siliwangi,Jl. Lombok,6057687.0,2017
160,Cibeunying,327309,Bandung Wetan,Taman Gedung Sate,Jl. Diponegoro/Gedung Sate,16605.0,2017
161,Cibeunying,327309,Bandung Wetan,Taman PKK,Jl. Cibeunying Utara,28937.0,2017
162,Cibeunying,327309,Bandung Wetan,Taman Cibeunying Bank NISP,Jl. Cibeunying,68825.0,2017
163,Cibeunying,327309,Bandung Wetan,Jalur Hijau Jalan Ciliwung,Jl. Ciliwung,936.0,2017
164,Cibeunying,327309,Bandung Wetan,Jalur Hijau Jalan Citarum,Jl. Citarum,43666.0,2017
165,Cibeunying,327309,Bandung Wetan,Taman Citarum,Jl. Citarum,110267.0,2017
166,Cibeunying,327309,Bandung Wetan,Taman DKK Supratman,Jl. Supratman,2645.0,2017
167,Cibeunying,327309,Bandung Wetan,Taman Trunojoyo,Jl. Trunojoyo,85056.0,2017
171,Cibeunying,327309,Bandung Wetan,Taman Cilaki,Jl. Cilaki,8935.0,2017
172,Cibeunying,327309,Bandung Wetan,Taman Progo,Jl. Progo,172.0,2017
173,Cibeunying,327309,Bandung Wetan,Taman Gempol,Jl. Gempol,12455.0,2017
174,Cibeunying,327309,Bandung Wetan,Taman Anggrek/Bengawan (Taman Super Hero) ,Jl. Anggrek,1425.0,2017
175,Cibeunying,327309,Bandung Wetan,Taman Pramuka,Jl. R.E. Martadinata,1384534.0,2017
176,Cibeunying,327309,Bandung Wetan,Lapang Gasibu,Jl. Gasibu,25962.0,2017
177,Cibeunying,327309,Bandung Wetan,Jalur Prabudimuntur/Surapati,Jl. Prabudimuntur,3600.0,2017
178,Cibeunying,327309,Bandung Wetan,Taman Wira Angun-angun,Jl. Wira Angun-angun,918.0,2017
180,Cibeunying,327309,Bandung Wetan,Taman Cipunagara,Jl. Cipunagara,688.0,2017
181,Cibeunying,327309,Bandung Wetan,Taman Salam Puskesmas,Jl. Salam,635.0,2017
182,Cibeunying,327309,Bandung Wetan,Taman Rasamala,Jl. Rasamala,75699.0,2017
183,Cibeunying,327309,Bandung Wetan,TamanLapang salam,Jl. Salam,1685.0,2017
184,Cibeunying,327309,Bandung Wetan,Taman Cendana,Jl. Cendana,39247.0,2017
185,Cibeunying,327309,Bandung Wetan, Pulau Jalan Sentot,Jl. Sentot,1604.0,2017
187,Cibeunying,327309,Bandung Wetan, Pulau JalanTamansari/UNISBA,Jl. Tamansari,1271.0,2017
188,Cibeunying,327309,Bandung Wetan,Jalur HijauTamansari,Jl. Tamansari,9081.0,2017
189,Cibeunying,327309,Bandung Wetan,Taman Gajah Lumantung,Jl. Gajah Lumantung,80705.0,2017
190,Cibeunying,327309,Bandung Wetan,Taman Ciungwanara,Jl. Badak Singa,1943.0,2017
192,Cibeunying,327309,Bandung Wetan,Taman Balubur/Tamansari,Jl. Balubur,1173.0,2017
193,Cibeunying,327309,Bandung Wetan,Jalur Hijau Cikapayang,Jl. Cikapayang,1800.0,2017
194,Cibeunying,327309,Bandung Wetan, Pulau Jalan Balubur,Jl. Balubur,1316.0,2017
195,Cibeunying,327309,Bandung Wetan,Taman Skanda/Ganesha,Jl. Skanda,3128.0,2017
196,Cibeunying,327309,Bandung Wetan,Taman Dr. Slamet,Jl. Dr. Slamet,15217.0,2017
198,Cibeunying,327309,Bandung Wetan,Taman Cempaka (Taman Fotografi),Jl. Cempaka,1785.0,2017
199,Cibeunying,327309,Bandung Wetan,Taman Mangga,Jl. Mangga,2850.0,2017
201,Cibeunying,327309,Bandung Wetan,Taman Skate Park,Bawah Fly Over Pasupati,300.0,2017
202,Cibeunying,327309,Bandung Wetan,Taman Cibeunying Park,Jl. Cilaki,48825.0,2017
203,Cibeunying,327309,Bandung Wetan,Taman Film,-,,2017
205,Cibeunying,327319,Sumur Bandung,Taman Texas Sister City 1,Jl. Wastukencana -Jl. Purnawarman,1816.0,2017
206,Cibeunying,327319,Sumur Bandung,Taman Halaman Balai Kota,Jl. Wastukencana,63449.0,2017
207,Cibeunying,327319,Sumur Bandung,Taman Merdeka (Taman Dewi Sartika),Jl. Merdeka,14729.0,2017
208,Cibeunying,327319,Sumur Bandung,Taman depan Masjid Al Ukhuwah,Jl. Wastukencana/Jl. Aceh,54.0,2017
209,Cibeunying,327319,Sumur Bandung,Jalur Perintis Kemerdekaan,Jl. Printis Kemerdekaan,10595.0,2017
210,Cibeunying,327319,Sumur Bandung,Jalur Waska Barat,Jl. Waska,4586.0,2017
211,Cibeunying,327319,Sumur Bandung,Taman Nias,Jl. Nias,310.0,2017
212,Cibeunying,327319,Sumur Bandung,Taman Patung Bola,Jl. Lembong,170.0,2017
214,Cibeunying,327319,Sumur Bandung,Taman Tongkeng,Jl. Tongkeng,36105.0,2017
219,Cibeunying,327319,Sumur Bandung,Taman Maluku,Jl. Ambon,2402324.0,2017
220,Cibeunying,327319,Sumur Bandung,Taman Puskesmas Tamblong,Jl. Tamblong,123.0,2017
221,Cibeunying,327319,Sumur Bandung,Taman Buton,Jl. Buton,6127.0,2017
222,Cibeunying,327319,Sumur Bandung,Taman Simpang Lima,Jl. Asia Afrika,2447.0,2017
224,Cibeunying,327319,Sumur Bandung,Taman Riau/A. Yani,Jl. Riau,6856.0,2017
226,Cibeunying,327319,Sumur Bandung,Taman Air Mancur Vanda,Jl. Merdeka,976.0,2017
227,Cibeunying,327319,Sumur Bandung,Taman Pulau Jalan Jawa/Merdeka,Jl. Merdeka,120.0,2017
228,Cibeunying,327319,Sumur Bandung,Taman Lombok,Jl. Ambon -Jl. Lombok,330.0,2017
230,Cibeunying,327319,Sumur Bandung,Taman Jl. Diponegoro - Jl. Citarum,Jl. Diponegoro -Jl. Citarum,235.0,2017
231,Cibeunying,327319,Sumur Bandung,Jalur Supratman,Jl. Supratman,33706.0,2017
232,Cibeunying,327319,Sumur Bandung,Taman Katamso,Jl. Katamso,340.0,2017
233,Cibeunying,327319,Sumur Bandung,Taman Cisadea,Jl. Cisadea,41225.0,2017
234,Cibeunying,327319,Sumur Bandung,Taman Surapati/Cicaheum I,Jl. Surapati,2625.0,2017
235,Cibeunying,327319,Sumur Bandung,Taman Surapati/Cicaheum II,Jl. Surapati,15437.0,2017
236,Cibeunying,327319,Sumur Bandung,Taman Jl. Mekar Asih (Perumahan Bumi Asri Padasuka III),Jl. Mekar Asih,2478.0,2017
237,Cibeunying,327319,Sumur Bandung,Taman Jl. Mekar Indah (Perumahan Bumi Asri Padasuka III),Jl. Mekar Indah,851.0,2017
238,Cibeunying,327319,Sumur Bandung,Taman Jl. Mekar Wangi Ruko (Perumahan Bumi Asri Padasuka III),Jl. Mekar Wangi Ruko,190.0,2017
239,Cibeunying,327319,Sumur Bandung,Taman Jl. Mekar Kencana (Perumahan Bumi Asri Padasuka III),Jl. Mekar Kencana,320.0,2017
240,Cibeunying,327319,Sumur Bandung,Taman Jl. Mekar Cemerlang (Perumahan Bumi Asri Padasuka III),Jl. Mekar Cemerlang,816.0,2017
241,Cibeunying,327319,Sumur Bandung,Taman Jl. Mekar Agung (Perumahan Bumi Asri Padasuka III),Jl. Mekar Agung,333144.0,2017
242,Cibeunying,327318,Cibeunying Kaler,Taman Supratman/Warga,Jl. Supratman,175.0,2017
243,Cibeunying,327318,Cibeunying Kaler,Jalur Pahlawan,Jl. Pahlawan,3000.0,2017
244,Cibeunying,327318,Cibeunying Kaler,Taman Batik Tiga Negri,Jl. Batik Tiga Negri,124625.0,2017
245,Cibeunying,327318,Cibeunying Kaler,Taman Sidoluhur,Jl. Sidoluhur,1425.0,2017
246,Cibeunying,327318,Cibeunying Kaler,Taman Sudut Suci,Jl. Suci,116.0,2017
249,Cibeunying,327318,Cibeunying Kaler,Lapang Tikukur,Jl. Tikukur,12500.0,2017
250,Cibeunying,327318,Cibeunying Kaler,Taman Titiran,Jl. Titiran,210.0,2017
251,Cibeunying,327318,Cibeunying Kaler,Taman Merak,Jl. Merak,1021.0,2017
252,Cibeunying,327318,Cibeunying Kaler,Taman Surapati,Jl. Surapati,1350.0,2017
253,Cibeunying,327318,Cibeunying Kaler,Lapangan Olahraga,Komplek Perumahan Sukaluyu,5878.0,2017
254,Cibeunying,327318,Cibeunying Kaler,Taman RW.02 Kel. Neglasari,-,220.0,2017
255,Tegallega,327310,Astanaanyar,Taman Astana Anyar,Jl. Astana Anyar,5689.0,2017
256,Tegallega,327310,Astanaanyar,Taman Pajagalan I,Jl. Pajagalan,497.0,2017
257,Tegallega,327310,Astanaanyar,Taman Pajagalan II,Jl. Pajagalan,7469.0,2017
259,Tegallega,327310,Astanaanyar,Taman Inhoftank,Jl. Inhoftank,11277.0,2017
260,Tegallega,327310,Astanaanyar,Taman RW.04 Kel. Nyengseret,-,40.0,2017
261,Tegallega,327310,Astanaanyar,Taman RW.05 Kel. Nyengseret,-,80.0,2017
262,Tegallega,327303,Babakan Ciparay,Taman Lingkungan Perumahan Sumber Sari,Jl. Sumber Sari,2973.0,2017
263,Tegallega,327303,Babakan Ciparay,Taman Caringin,Jl. Caringin,63.0,2017
264,Tegallega,327303,Babakan Ciparay,Taman RW.04 Kel. Sukahaji,-,70.0,2017
265,Tegallega,327315,Bandung Kulon,Taman Lingkungan Perumahan Sadang,Jl. Sadang,54523.0,2017
266,Tegallega,327315,Bandung Kulon,Taman Lingkungan Perumnas Cijerah I,Jl. Cijerah (Komplek Perumnas Cijerah I),4794.0,2017
267,Tegallega,327315,Bandung Kulon,Taman Lingkungan Perumnas Cibuntu,Komplek Perumnas Cibuntu,1370.0,2017
268,Tegallega,327315,Bandung Kulon,Taman RW.04 Kel. Caringin,-,210.0,2017
269,Tegallega,327315,Bandung Kulon,Taman RW.05 Kel. Caringin,-,170.0,2017
269,Tegallega,327315,Bandung Kulon,Taman RW.05 Kel. Caringin,-,170.0,2017
270,Tegallega,327317,Bojongloa Kidul,Taman Leuwipanjang/Lingkar Selatan,Jl. Leuwi Panjang,907.0,2017
271,Tegallega,327317,Bojongloa Kidul,Taman Lingkar Selatan/Kopo,Jl. Lingkar Selatan,128.0,2017
272,Tegallega,327317,Bojongloa Kidul,Taman Cibaduyut/Soekarno Hatta,Jl. Cibaduyut,1825.0,2017
273,Tegallega,327317,Bojongloa Kidul,Taman Kopo/ Soekarno Hatta,Jl. Soekarno Hatta,148.0,2017
274,Tegallega,327317,Bojongloa Kidul,Taman RW.02 Komp. Cibaduyut Permai Kel. Cibaduyut Kidul,-,150.0,2017
275,Tegallega,327317,Bojongloa Kidul,Taman Jl. Muara Sari RW. 11 Kel. Kebonlega,-,100.0,2017
276,Tegallega,327304,Bojongloa Kaler,Taman Lingkar Selatan/Pasirkoja,Jl. Lingkar Selatan,85225.0,2017
277,Tegallega,327304,Bojongloa Kaler,Taman Pagarsih/Jamika,Jl. Pagarsih,151.0,2017
278,Tegallega,327304,Bojongloa Kaler,Jalur Hijau Peta,Jl. Peta,246446.0,2017
279,Tegallega,327304,Bojongloa Kaler,Jalur Hijau Jamika,Jl. Jamika,820.0,2017
280,Tegallega,327304,Bojongloa Kaler,Taman Bojongloa / Tukang rampe,Jl. Bojongloa,68.0,2017
281,Tegallega,327304,Bojongloa Kaler,Taman Paseban/Kencana Timur,Jl. Paseban,418.0,2017
282,Tegallega,327304,Bojongloa Kaler,Taman Kopo Kencana,Jl. Papan Kencana,12497.0,2017
283,Tegallega,327304,Bojongloa Kaler,Taman Tritisan Kencana,Jl. Tritisan Kencana,956.0,2017
284,Tegallega,327304,Bojongloa Kaler,Taman Payung Kencana,Jl. Payung Kencana,605.0,2017
285,Tegallega,327304,Bojongloa Kaler,Taman Titisan Kencana,Jl. Titisan Kencana,16.0,2017
286,Tegallega,327304,Bojongloa Kaler,Jalur Hijau Undak Kencana,Jl. Undak Kencana,84.0,2017
287,Tegallega,327304,Bojongloa Kaler,Taman Ruko Kencana,Jl. Kencana,87682.0,2017
288,Tegallega,327304,Bojongloa Kaler,Taman Babakan Ciparay,Jl. Babakan Ciparay,35.0,2017
289,Tegallega,327304,Bojongloa Kaler,Taman Babakan Tarogong,Jl. Babakan Tarogong,616.0,2017
290,Tegallega,327304,Bojongloa Kaler,Taman Sudirman/Jamika,Jl. Jamika,2866.0,2017
291,Tegallega,327304,Bojongloa Kaler,Taman RW.04 Kel. Kopo,-,80.0,2017
292,Karees,327316,Kiaracondong,Jalur Hijau Komplek Ruko,Jl. Kawaluyaan,12312.0,2017
293,Karees,327316,Kiaracondong,Jalur Hijau Bunderan Ruko,Jl. Kawaluyaan,8492.0,2017
294,Karees,327316,Kiaracondong,Jalur Hijau Bundaran Boulevard I,Jl. Kawaluyaan,1545.0,2017
295,Karees,327316,Kiaracondong,Jalur HijauTaman Boulevard 1,Jl. Kawaluyaan,488.0,2017
296,Karees,327316,Kiaracondong,Jalur HijauTaman Boulevard 2,Jl. Kawaluyaan,585.0,2017
297,Karees,327316,Kiaracondong,Jalur HijauTaman Boulevard 3,Jl. Kawaluyaan,5851.0,2017
298,Karees,327316,Kiaracondong,Jalur HijauTaman Boulevard 4,Jl. Kawaluyaan,329.0,2017
299,Karees,327316,Kiaracondong,Jalur HijauTaman Boulevard 5,Jl. Kawaluyaan,1899.0,2017
300,Karees,327316,Kiaracondong,Jalur Terusan Jl. Kiaracondong,Jl. Kawaluyaan,37905.0,2017
301,Karees,327316,Kiaracondong,Taman depan (GSB kiri dan GSB kanan),Jl. Kawaluyaan,23925.0,2017
302,Karees,327316,Kiaracondong,Taman 1,Jl. Kawaluyaan,5617.0,2017
303,Karees,327316,Kiaracondong,Taman 2,Jl. Kawaluyaan,5817.0,2017
304,Karees,327316,Kiaracondong,Taman 3,Jl. Kawaluyaan,544.0,2017
305,Karees,327316,Kiaracondong,Taman 4,Jl. Kawaluyaan,2387.0,2017
306,Karees,327316,Kiaracondong,Taman 5,Jl. Kawaluyaan,186378.0,2017
307,Karees,327316,Kiaracondong,Taman danLapangan tenis,Jl. Kawaluyaan,131378.0,2017
308,Karees,327316,Kiaracondong,Taman belakang,Jl. Kawaluyaan,88634.0,2017
309,Karees,327312,Batununggal,Taman Pulau Jalan Gatot Subroto/Laswi,Jl. Gatot Subroto,4284.0,2017
310,Karees,327312,Batununggal, Bak Bunga Gatot Subroto/Laswi,Jl. Gatot Subroto,846.0,2017
311,Karees,327312,Batununggal,Taman Kebon Waru I,Jl. Kebon Waru,19012.0,2017
312,Karees,327312,Batununggal,Taman Kebon Waru II,Jl. Kebon Waru,2342.0,2017
313,Karees,327312,Batununggal,Taman Anyer,Jl. Anyer,2814.0,2017
314,Karees,327312,Batununggal, Stadion Persib,Jl. A. Yani,2300505.0,2017
315,Karees,327312,Batununggal,Taman Salendro Timur,Jl. Salendro Timur,472.0,2017
316,Karees,327312,Batununggal,Taman Pulau Jalan Laswi,Jl. Laswi,2344.0,2017
317,Karees,327313,Lengkong,Taman Halaman Pendopo,Jl. Dalem Kaum,11000.0,2017
318,Karees,327313,Lengkong,Taman Gurame,Jl. Gurame,1975.0,2017
319,Karees,327313,Lengkong,Taman Karapitan UNLA,Jl. Karapitan,7672.0,2017
320,Karees,327313,Lengkong,Taman Lauk Emas,Jl. Lauk Emas,232.0,2017
321,Karees,327313,Lengkong,Taman Tawes,Jl. Tawes,4187.0,2017
322,Karees,327313,Lengkong,Taman Nilem,Jl. Nilem,1725.0,2017
323,Karees,327313,Lengkong,Lapangan Impun,Jl. Impun,6335.0,2017
324,Karees,327313,Lengkong,Taman Pulau Jalan Cikawao/Lengkong,Jl. Cikawao,60.0,2017
325,Karees,327313,Lengkong,Jalur Hijau Sadakeling,Jl. Sadakeling,2265.0,2017
326,Karees,327313,Lengkong,Taman Macan,Jl. Macan,1712.0,2017
327,Karees,327313,Lengkong,Taman Srigala,Jl. Srigala,2336.0,2017
328,Karees,327313,Lengkong,TamanLapangan Lembu,Jl. Lembu ,3412.0,2017
329,Karees,327313,Lengkong,TamanLapangan Kidang Dalam,Jl. Kidang,2240.0,2017
330,Karees,327313,Lengkong,TamanLapangan Terong,Jl. Terong,1350.0,2017
331,Karees,327313,Lengkong,Taman Deleg,Jl. Deleg,3125.0,2017
332,Karees,327313,Lengkong,Taman Palasari / Banteng I,Jl. Palasari,2093.0,2017
333,Karees,327313,Lengkong,Taman Palasari / Banteng II,Jl. Palasari,572.0,2017
334,Karees,327313,Lengkong,Taman Tugu Simpang Lima,Jl. Asia Afrika,23962.0,2017
335,Karees,327313,Lengkong,Taman Tank Baja Gatot Subroto,Jl. Gatot Subroto,722.0,2017
336,Karees,327313,Lengkong,Taman Burangrang BPI,Jl. Burangrang,1734.0,2017
337,Karees,327313,Lengkong,Taman Palasari/Malabar,Jl. Palasari,2784.0,2017
338,Karees,327313,Lengkong, Pulau Jalan Martanegara/Pelajar Pejuang,Jl. Martanegara,1284.0,2017
339,Karees,327313,Lengkong, Pulau Jalan Buah Batu/BKR,Jl. Buah Batu,198.0,2017
340,Karees,327313,Lengkong,Jalur Hijau Laswi,Jl. Laswi,2240.0,2017
341,Karees,327313,Lengkong,Jalur Hijau Pelajar Pejuang '45,Jl. Pelajar Pejuang '45,3410.0,2017
343,Karees,327313,Lengkong,Taman Burangrang/Emong,Jl. Burangrang,2806.0,2017
344,Karees,327313,Lengkong,Taman Burangrang/Wayang,Jl. Burangrang,841.0,2017
345,Karees,327313,Lengkong,Taman Putri,Jl. Putro,960.0,2017
346,Karees,327313,Lengkong,Taman Tampomas,Jl. Tampomas,210.0,2017
347,Karees,327313,Lengkong,Taman Windu,Jl. Windu,264.0,2017
348,Karees,327313,Lengkong,Taman Galunggung,Jl. Galunggung,288.0,2017
349,Karees,327313,Lengkong,Taman Palasari/Lodaya I,Jl. Palasari,5905.0,2017
350,Karees,327313,Lengkong,Taman Palasari/Lodaya II,Jl. Palasari,418.0,2017
351,Karees,327313,Lengkong,Taman Kangkung Kidul/Kaler,Jl. Kangkung Kidul,4848.0,2017
352,Karees,327313,Lengkong, Bak Bunga Ceremai,Jl. Ceremai,441.0,2017
353,Karees,327313,Lengkong,Taman Turangga,Jl. Turangga,328.0,2017
354,Karees,327313,Lengkong,Taman Durma,Jl. Durma,1581.0,2017
355,Karees,327313,Lengkong,Taman Simphony,Jl. Sinphony,17337.0,2017
356,Karees,327313,Lengkong,Taman Kliningan,Jl. Kliningan,1640.0,2017
357,Karees,327313,Lengkong,Lapang Saron,Jl. Saron,2350.0,2017
358,Karees,327311,Regol,Taman Patung Ikan,Jl. Lingkar Selatan,170.0,2017
359,Karees,327311,Regol,Taman Alun-alun Bandung,Jl. Asia Afrika,990405.0,2017
360,Karees,327311,Regol,Taman Moch. Toha - Ciateul,Jl. Moch. Toha,888.0,2017
362,Karees,327311,Regol,Taman Sawah Kurung,Jl. Sawah Kurung,18955.0,2017
363,Karees,327311,Regol,Taman Ciateul Tengah,Jl. Ciateul Tengah,894.0,2017
364,Karees,327311,Regol,Taman Pulau Jalan Moch. Toha/BKR,Jl. Moch. Toha,3594.0,2017
365,Karees,327311,Regol,Taman Moch. Toha batas,Jl. Moch. Toha,772.0,2017
366,Karees,327311,Regol,Taman Pulau Jalan Patung Ikan,Jl. BKR,54774.0,2017
367,Karees,327311,Regol,Jalur Hijau BKR,Jl. BKR,3410.0,2017
368,Karees,327311,Regol,Taman Sriwijaya,Jl. Sriwijaya,37523.0,2017
369,Karees,327311,Regol,TamanLapang Tegallega,Jl. Otista,19001102.0,2017
370,Karees,327311,Regol,Taman Ciateul,Jl. Ciateul ,,2017
373,Ujungberung,327320,Antapani,Taman Jatiwangi Blok 26,Jl. Jatiwangi 10,237.0,2017
374,Ujungberung,327320,Antapani,Taman Terusan Jalan Jakarta,Jl. Terusan Jakarta Barat,343.0,2017
375,Ujungberung,327320,Antapani,Taman Rengasdenglok,Jl. Rengasdenglok II/IV,988.0,2017
376,Ujungberung,327320,Antapani,Taman Subang Blok 5,Jl. Subang,1826.0,2017
377,Ujungberung,327320,Antapani,Taman Kadipaten-Cicalengka,Jl. Kadipaten IX,887.0,2017
378,Ujungberung,327320,Antapani,Taman Purwakarta-Kadipaten,Jl. Purwakarta,1563.0,2017
379,Ujungberung,327320,Antapani,Taman Kuningan Blok 20,Jl. Kuningan 6-8,252.0,2017
380,Ujungberung,327320,Antapani,Taman Kadipaten Blok 12,Jl. Kadipaten 5,237.0,2017
381,Ujungberung,327320,Antapani,Taman Jatiwangi,Jl. Jatiwangi,1256.0,2017
382,Ujungberung,327320,Antapani,Taman Cikampek,Jl. CikampekBlok 9,624.0,2017
383,Ujungberung,327320,Antapani,Taman Batu Tulis,Jl. Batu Tulis,2614.0,2017
384,Ujungberung,327320,Antapani,Taman Karang Asem,Jl. Tabanan-Karang Asem,1438.0,2017
385,Ujungberung,327320,Antapani,Taman Sragen-Klaten,Jl. Sragen-Klaten,489.0,2017
386,Ujungberung,327320,Antapani,Taman Purworejo,Jl. Purworejo-Kebumen,1010.0,2017
387,Ujungberung,327320,Antapani,Taman Pekalongan,Jl. Pekalongan,969.0,2017
388,Ujungberung,327320,Antapani,Taman Jayapura,Jl. Jayapura-Manokwari,1104.0,2017
389,Ujungberung,327320,Antapani,Taman Batu Wangi-Sindang Kasih,Jl. Sindangkasih,1098.0,2017
390,Ujungberung,327320,Antapani,Taman Atambua,Jl. Atambua,664.0,2017
392,Ujungberung,327320,Antapani,TamanJalur Pratista Utama,Jl. Pratista Utama,889.0,2017
393,Ujungberung,327320,Antapani,Taman Pratista Raya,Jl. Pratista Raya,3489.0,2017
394,Ujungberung,327320,Antapani,Taman Blok D-39,-,10432.0,2017
395,Ujungberung,327320,Antapani,Taman Pratista Barat I,Jl. Pratista Barat I,51.0,2017
396,Ujungberung,327320,Antapani,Taman Pratista Barat II,Jl. Pratista Barat II,113.0,2017
397,Ujungberung,327320,Antapani,Taman Pranaya 1,Jl. Antapani-Soekarno Hatta,89.0,2017
398,Ujungberung,327320,Antapani,Taman Gerbang Pranaya,Jl. Pintu Gerbang,4923.0,2017
399,Ujungberung,327320,Antapani,Taman Pranaya 2,Jl. Raya Pranaya,170.0,2017
400,Ujungberung,327320,Antapani,Taman Bougenville,Komplek Perumahan Bougenville,4746.0,2017
401,Ujungberung,327324,Arcamanik,Taman Gantole,Jl. Gantole,19289.0,2017
403,Ujungberung,327324,Arcamanik,Taman Aeromodeling,Jl. Aeromedelling,816.0,2017
404,Ujungberung,327324,Arcamanik,Taman Golf Barat 2 A,Jl. Golf Barat II,83991.0,2017
405,Ujungberung,327324,Arcamanik,Taman Polo Air,Jl. Ters. Tenis-Polo Air,32832.0,2017
406,Ujungberung,327324,Arcamanik,Taman Golf Barat 2 B,Jl. Golf Barat II,212.0,2017
407,Ujungberung,327324,Arcamanik,Taman Gantole-Dirgantara,Jl. Gantole-Dirgantara,75.0,2017
408,Ujungberung,327324,Arcamanik,TamanLapangan Pacuan Kuda,-,665000.0,2017
409,Ujungberung,327324,Arcamanik,Taman Golf Barat XIII,Jl. Golf Barat XIII,940.0,2017
410,Ujungberung,327324,Arcamanik,Taman Hocky,Jl. Hocky-Sepakbola,442.0,2017
411,Ujungberung,327324,Arcamanik,Taman Terbang Layang I,Jl. Terbang Layang I,1338.0,2017
412,Ujungberung,327324,Arcamanik,Taman Taekondo-Kempo,Jl. Taekwondo-Kempo,396.0,2017
413,Ujungberung,327324,Arcamanik,Taman Ski Air,Jl. Ski Air-Layar,713978.0,2017
414,Ujungberung,327324,Arcamanik,Taman Bulu Tangkis,Jl. Atlet-Bowling-Bulutangkis,69.0,2017
415,Ujungberung,327324,Arcamanik,Taman Golf Barat 2 C,Jl. Golf Barat II,325.0,2017
416,Ujungberung,327324,Arcamanik,Taman Terbang Layang II,Jl. Terang Layang,37546.0,2017
417,Ujungberung,327324,Arcamanik,Taman Bowling,Jl. Bowling-Loncat Indah,73212.0,2017
418,Ujungberung,327324,Arcamanik,Taman Sudut Arcamanik,Jl. Raya Ujung Berung-Arcamanik,28644.0,2017
419,Ujungberung,327324,Arcamanik,Taman Arcamanik I,-,374.0,2017
420,Ujungberung,327324,Arcamanik,Taman Arcamanik II,-,74033.0,2017
421,Ujungberung,327324,Arcamanik,Taman Arcamanik III,-,81005.0,2017
422,Ujungberung,327324,Arcamanik,Taman Arcamanik IV,-,660.0,2017
423,Ujungberung,327324,Arcamanik,Taman Arcamanik V,-,616.0,2017
424,Ujungberung,327324,Arcamanik,Taman Arcamanik VII,-,44006.0,2017
425,Ujungberung,327324,Arcamanik,Taman Arcamanik XVIII,-,59961.0,2017
426,Ujungberung,327324,Arcamanik,Taman Balon Udara,Jl. Balon Udara,242.0,2017
427,Ujungberung,327324,Arcamanik,Taman Aeromodeling III,Jl. Aeromedelling III,185.0,2017
428,Ujungberung,327324,Arcamanik,Taman Aeromodeling IV,Jl. Aeromedelling IV,338.0,2017
402,Ujungberung,327324,Arcamanik,Taman Dirgantara,Jl. Dirgantara,32122.0,2017
430,Ujungberung,327324,Arcamanik,Taman Tenis,Jl. Tenis,390.0,2017
431,Ujungberung,327324,Arcamanik,Taman Ice Skating I,Jl. Ice Skating,312.0,2017
431,Ujungberung,327324,Arcamanik,Taman Ice Skating I,Jl. Ice Skating,312.0,2017
433,Ujungberung,327324,Arcamanik,Taman Terjun Tendom,Jl. Terjun Tendom,208.0,2017
434,Ujungberung,327324,Arcamanik,Taman RW. 09 Komp. Guruminda Kel. Cisaranten Kulon,Jl. Cisaranten Kulon,170.0,2017
435,Ujungberung,327324,Arcamanik,Taman RW Jl. Cicukang Kel. Cisaranten Bina Harapan,Jl. Cicukang,200.0,2017
436,Ujungberung,327330,Mandalajati,Taman Median Jalan,Komplek Tamansari Bukit Bandung,400.0,2017
437,Ujungberung,327330,Mandalajati,Taman Median Depan Ruko,Komplek Tamansari Bukit Bandung,150.0,2017
438,Ujungberung,327330,Mandalajati,Taman Median Blok I A,Komplek Tamansari Bukit Bandung,171.0,2017
439,Ujungberung,327330,Mandalajati,Taman Median Blok I,Komplek Tamansari Bukit Bandung,79.0,2017
440,Ujungberung,327330,Mandalajati,Taman Median Blok II,Komplek Tamansari Bukit Bandung,212.0,2017
441,Ujungberung,327330,Mandalajati,Taman Median Blok III,Komplek Tamansari Bukit Bandung,79.0,2017
442,Ujungberung,327330,Mandalajati,Taman Median Blok V (Bunderan),Komplek Tamansari Bukit Bandung,5.0,2017
443,Ujungberung,327330,Mandalajati,Taman Median Blok VI,Komplek Tamansari Bukit Bandung,20.0,2017
444,Ujungberung,327330,Mandalajati,Taman Median Blok VII,Komplek Tamansari Bukit Bandung,21.0,2017
445,Ujungberung,327330,Mandalajati,Taman Median Blok VIII,Komplek Tamansari Bukit Bandung,141.0,2017
446,Ujungberung,327330,Mandalajati,Taman Median Blok IX,Komplek Tamansari Bukit Bandung,30.0,2017
447,Ujungberung,327330,Mandalajati,Jalur Hijau Blok XI,Komplek Tamansari Bukit Bandung,362.0,2017
448,Ujungberung,327330,Mandalajati,Jalur Hijau Blok XIV,Komplek Tamansari Bukit Bandung,350.0,2017
449,Ujungberung,327330,Mandalajati,Jalur Hijau Blok XV,Komplek Tamansari Bukit Bandung,274.0,2017
450,Ujungberung,327330,Mandalajati,Taman Terasering Blok ID,Komplek Tamansari Bukit Bandung,1913.0,2017
451,Ujungberung,327330,Mandalajati,Taman Terasering Blok II,Komplek Tamansari Bukit Bandung,444.0,2017
452,Ujungberung,327330,Mandalajati,Taman Sisi Kanan-Kiri Saluran Induk,Komplek Tamansari Bukit Bandung,798.0,2017
453,Ujungberung,327330,Mandalajati,Jalur Hijau Sebelah SelatanLapangan Tenis,Komplek Tamansari Bukit Bandung,600.0,2017
454,Ujungberung,327330,Mandalajati,Taman Eks TPA Pasir Impun,Jl. Ujung Berung,44600.0,2017
455,Ujungberung,327330,Mandalajati,Taman Eks TPA Cicabe,Jl. Ujung Berung,4180357.0,2017
456,Ujungberung,327330,Mandalajati,Taman RW Depan Kantor Kel. Sindanglaya,-,150.0,2017
457,Ujungberung,327326,Ujungberung,Taman Sukup Baru,Jl. Sukup Baru,458.0,2017
458,Ujungberung,327326,Ujungberung,Taman Sukup,Jl. Sukup,81.0,2017
460,Ujungberung,327326,Ujungberung,Taman Ujung Berung Indah 1,Komplek Ujung Berung ,982.0,2017
461,Ujungberung,327326,Ujungberung,Taman Ujung Berung Indah 2,Jl. Depan TK,250.0,2017
462,Ujungberung,327326,Ujungberung,Taman Ujung Berung Indah 3,Jl. Bunderan,59.0,2017
463,Ujungberung,327326,Ujungberung,Taman Ujung Berung Indah 4,Jl. Pintu MasukKomplek,148.0,2017
464,Ujungberung,327326,Ujungberung,Taman RT.03 RW.05 Komp. Mayang Ligar Kel. Pasir Endah,-,200.0,2017
465,Ujungberung,327326,Ujungberung,Taman RW.13 Kel. Pasir Jati,-,140.0,2017
465,Ujungberung,327326,Ujungberung,Taman RW.13 Kel. Pasir Jati,-,140.0,2017
466,Ujungberung,327328,Panyileukan,TamanLapangan Blok J, LapanganBlok J/H Perumahan Bumi Panyileukan,1056.0,2017
468,Ujungberung,327328,Panyileukan,Taman Blok J,Blok J/H Perumahan Bumi Panyileukan,1005.0,2017
470,Ujungberung,327328,Panyileukan,Taman Blok G-II,Blok G.5 Perumahan Bumi Panyileukan,39324.0,2017
471,Ujungberung,327328,Panyileukan,Taman Blok H,Blok H.2 Perumahan Bumi Panyileukan,67595.0,2017
472,Ujungberung,327328,Panyileukan,Taman Blok P-I,Blok P.2 Perumahan Bumi Panyileukan,784.0,2017
473,Ujungberung,327328,Panyileukan,Taman Blok P-II,Blok P.2 Perumahan Bumi Panyileukan,667.0,2017
474,Ujungberung,327328,Panyileukan,Taman Blok N,Blok N1 dan N2 Perumahan Bumi Panyileukan,5655.0,2017
477,Ujungberung,327328,Panyileukan,Taman Blok Q,Blok Q 3 Perumahan Bumi Panyileukan,515.0,2017
478,Ujungberung,327328,Panyileukan,Jalur Hijau N-R,Blok N-R Perumahan Bumi Panyileukan,1309.0,2017
474,Ujungberung,327328,Panyileukan,Taman Blok N,Blok N1 dan N2 Perumahan Bumi Panyileukan,5655.0,2017
480,Ujungberung,327328,Panyileukan,Taman Blok K,Blok K-M Perumahan Bumi Panyileukan,540.0,2017
481,Ujungberung,327328,Panyileukan,Jalur Hijau L-I 10,-,2387.0,2017
482,Ujungberung,327328,Panyileukan,Taman Blok L,Blok L.16 Perumahan Bumi Panyileukan,1214.0,2017
11,Bojonegara,327301,Sukasari,Taman Blok F,Jl. Cijerokaso ,18618.0,2017
484,Ujungberung,327328,Panyileukan,Jalur Hijau Blok F,-,4005.0,2017
485,Ujungberung,327328,Panyileukan,TamanLapangan Olahraga Blok E,Blok E Lap OR Perumahan Bumi Panyileukan,897.0,2017
486,Ujungberung,327328,Panyileukan,Taman Blok E,Blok E-F Perumahan Bumi Panyileukan,30.0,2017
487,Ujungberung,327328,Panyileukan,Taman Blok F-G,Blok F-G Perumahan Bumi Panyileukan,782.0,2017
11,Bojonegara,327301,Sukasari,Taman Blok F,Jl. Cijerokaso ,18618.0,2017
489,Ujungberung,327328,Panyileukan,Taman Blok C,Blok C.1 Perumahan Bumi Panyileukan,105.0,2017
490,Ujungberung,327328,Panyileukan,Jalur Hijau Blok C,-,1840.0,2017
492,Ujungberung,327328,Panyileukan,Jalur Hijau Blok A I,Blok A Perumahan Bumi Panyileukan,9438.0,2017
493,Ujungberung,327328,Panyileukan,Jalur Hijau Blok A II,Blok A Perumahan Bumi Panyileukan,608.0,2017
494,Ujungberung,327328,Panyileukan,Taman Blok B,Blok B Perumahan Bumi Panyileukan,80.0,2017
495,Ujungberung,327328,Panyileukan,Taman Blok A1-I,Blok A1 Perumahan Bumi Panyileukan,9656.0,2017
496,Ujungberung,327328,Panyileukan,Taman Blok A1-II,Blok A1 Perumahan Bumi Panyileukan,225.0,2017
491,Ujungberung,327328,Panyileukan,Taman Blok A,Blok A Perumahan Bumi Panyileukan,216.0,2017
485,Ujungberung,327328,Panyileukan,TamanLapangan Olahraga Blok E,Blok E Lap OR Perumahan Bumi Panyileukan,897.0,2017
499,Ujungberung,327328,Panyileukan,Taman Blok E-G (I),Blok E-G Perumahan Bumi Panyileukan,765.0,2017
500,Ujungberung,327328,Panyileukan,Taman Blok E-G (II),Blok E-G Perumahan Bumi Panyileukan,120.0,2017
501,Ujungberung,327328,Panyileukan,Taman Blok Citra AB,Blok Citra AB Perumahan Bumi Panyileukan,10925.0,2017
502,Ujungberung,327328,Panyileukan,Taman Blok Citra,Blok Citra Perumahan Bumi Panyileukan,392.0,2017
503,Ujungberung,327328,Panyileukan,Taman Cijambe Indah,Jl.Wijaya Kusuma II,656.0,2017
504,Ujungberung,327328,Panyileukan,Taman Pamekar,Jl. Pamekar Timur II,327.0,2017
505,Ujungberung,327328,Panyileukan,Taman Mekar Resik,Jl. Mekar Resik,305.0,2017
506,Ujungberung,327328,Panyileukan,Taman Pamekar Barat,Jl. Pamekar Raya,320.0,2017
507,Ujungberung,327328,Panyileukan,Taman Pamekar Timur,Jl. Pamekar Raya,455.0,2017
509,Ujungberung,327328,Panyileukan,Taman Mekar Sugih,Jl. Mekar Sugih,400.0,2017
510,Ujungberung,327328,Panyileukan,Taman Panyileukan,"Jl.Blok K, L, M",395934.0,2017
511,Ujungberung,327328,Panyileukan,Taman Panyileukan 1,Jl.Blok A,31844.0,2017
512,Ujungberung,327328,Panyileukan,Taman Panyileukan 2,"Jl. Utama H, I, J",149495.0,2017
513,Ujungberung,327328,Panyileukan,Taman Panyileukan 3,Jl. RayaBlok A-B,497.0,2017
514,Ujungberung,327328,Panyileukan,Taman Panyileukan 4,Jl.Blok C,2431.0,2017
515,Ujungberung,327328,Panyileukan,Taman Panyileukan 6,"Jl.Blok A, B depan masjid",380.0,2017
516,Ujungberung,327328,Panyileukan,Taman Panyileukan 7,"Jl.Blok E, F, G",41389.0,2017
517,Ujungberung,327328,Panyileukan,Taman Panyileukan 8,"Jl.Blok P, Q, N, R",3747.0,2017
518,Ujungberung,327328,Panyileukan,Taman Panyileukan 9,Jl.Blok Citra,392.0,2017
519,Ujungberung,327325,Cibiru,Taman Pulau Jalan Cibiru I,Jl. Soekarno Hatta,676.0,2017
520,Ujungberung,327325,Cibiru,Taman Pulau Jalan Cibiru II,Jl. Soekarno Hatta,1438.0,2017
521,Ujungberung,327325,Cibiru,Taman Pulau Jalan Cibiru III,Jl. Soekarno Hatta,1965.0,2017
522,Ujungberung,327325,Cibiru,Taman Pulau Jalan Cibiru IV,Jl. Soekarno Hatta,325.0,2017
523,Ujungberung,327325,Cibiru,Taman Pulau Jalan Cibiru V,Jl. Soekarno Hatta,693.0,2017
524,Ujungberung,327325,Cibiru,TamanJalur Cibiru ,Jl. Soekarno Hatta,3312.0,2017
525,Ujungberung,327325,Cibiru,Taman RW.03 Kel. Cisurupan,-,140.0,2017
526,Ujungberung,327325,Cibiru,Taman RW.05 Kel. Palasari,-,120.0,2017
641,Gedebage,327329,Cinambo,Taman Pulau Jalan Gedebage,Jl. Soekarno Hatta - Gedebage,568.0,2017
642,Gedebage,327329,Cinambo,Taman Depan Pasar,Jl. Soekarno Hatta - Gedebage,895.0,2017
643,Gedebage,327329,Cinambo,Taman Samping Barat (depan Mesjid),Jl. Soekarno Hatta - Gedebage,441.0,2017
645,Gedebage,327329,Cinambo,Jalur Depan Pasar,Jl. Soekarno Hatta - Gedebage,213.0,2017
646,Gedebage,327329,Cinambo,Taman RW. 03 Kel. Babakan Penghulu,-,200.0,2017
647,Gedebage,327329,Cinambo,Taman RW. 05 Kel. Rancabolang,-,200.0,2017
527,Gedebage,327322,Buahbatu,Taman di Jl. Bunga Bakung RW. 07 Kel Cijawura,Jl. Jupiter Utama,150.0,2017
528,Gedebage,327322,Buahbatu,Taman Jupiter Utama,Jl. Jupiter Utama,92.0,2017
529,Gedebage,327322,Buahbatu,Taman Blok D II a,Jl. Jupiter Utama,670.0,2017
532,Gedebage,327322,Buahbatu,Taman Blok D II d,Jl. Jupiter Utama,649.0,2017
533,Gedebage,327322,Buahbatu,Taman Blok E II,Jl. Jupiter Utama,1539.0,2017
535,Gedebage,327322,Buahbatu,Taman Blok D II f,Jl. Jupiter Utama,190.0,2017
536,Gedebage,327322,Buahbatu,Taman Blok D II g,Jl. Jupiter Utama,437.0,2017
537,Gedebage,327322,Buahbatu,Taman Blok D II h,Jl. Jupiter Utama,413.0,2017
539,Gedebage,327322,Buahbatu,Taman Blok D II j,Jl. Jupiter Utama,456.0,2017
540,Gedebage,327322,Buahbatu,Taman Blok U,Jl. Jupiter Utama,236.0,2017
541,Gedebage,327322,Buahbatu,Taman Blok Z a,Jl. Ciwastra,460.0,2017
542,Gedebage,327322,Buahbatu,Taman Blok B a,Jl. Ciwastra,349.0,2017
543,Gedebage,327322,Buahbatu,Taman Blok A dan B,Jl. Pluto Raya,1499.0,2017
480,Ujungberung,327328,Panyileukan,Taman Blok K,Blok K-M Perumahan Bumi Panyileukan,540.0,2017
474,Ujungberung,327328,Panyileukan,Taman Blok N,Blok N1 dan N2 Perumahan Bumi Panyileukan,5655.0,2017
551,Gedebage,327322,Buahbatu,Taman Blok S a,Jl. Saturnus Timur X,70646.0,2017
552,Gedebage,327322,Buahbatu,Taman Blok S b,Jl. Saturnus Raya depan No. 22,680.0,2017
553,Gedebage,327322,Buahbatu,Taman Blok R a,Jl. Saturnus Utara XII,101022.0,2017
554,Gedebage,327322,Buahbatu,Taman Blok R b,Jl. Saturnus Utara/Mars,32064.0,2017
555,Gedebage,327322,Buahbatu,Taman Blok R/O,Jl. Mars Selatan II dan III,93855.0,2017
578,Gedebage,327323,Rancasari, Taman Blok Q2 a,Jl. Yupiter Tengah IV,1106.0,2017
579,Gedebage,327323,Rancasari, Taman Blok Q2 b,Jl. Meteor Barat,567.0,2017
580,Gedebage,327323,Rancasari,Taman Blok H2,Jl. Meteor Barat,483.0,2017
581,Gedebage,327323,Rancasari,Taman Blok K2 a,Jl. Yupiter Utama,420.0,2017
582,Gedebage,327323,Rancasari,Taman Blok L2 a,Jl. Yupiter Selatan IV,1835.0,2017
583,Gedebage,327323,Rancasari,Taman Blok G2,Jl. Yupiter Utama,1781.0,2017
584,Gedebage,327323,Rancasari,Taman Blok L2 b,Jl. Yupiter Utama,437.0,2017
585,Gedebage,327323,Rancasari,Taman Blok L2 c,Jl. Yupiter Utama,375.0,2017
586,Gedebage,327323,Rancasari,Taman Blok L2 d,Jl. Yupiter Utama,874.0,2017
587,Gedebage,327323,Rancasari,Taman Blok L2 f,Jl. Meteor Barat,437.0,2017
588,Gedebage,327323,Rancasari,Taman Blok L2 g,Jl. Meteor Barat,437.0,2017
589,Gedebage,327323,Rancasari,Taman Blok L2 (Al Bayan),Jl. Meteor Barat,816.0,2017
590,Gedebage,327323,Rancasari,Taman Blok L2 h,Jl. Meteor Barat,460.0,2017
592,Gedebage,327323,Rancasari,Taman Blok L2 i,Jl. Meteor Barat,1994.0,2017
594,Gedebage,327323,Rancasari,Taman Blok B2 c,Jl. Yupiter Utama,663.0,2017
595,Gedebage,327323,Rancasari,Taman Blok A2,Jl. Jupiter Selatan IV,1922.0,2017
596,Gedebage,327323,Rancasari,Taman Blok D2 a,Jl. Yupiter Utama,378.0,2017
598,Gedebage,327323,Rancasari,Taman Blok E2 b,Jl. Jupiter Utama ,108.0,2017
600,Gedebage,327323,Rancasari,Taman Blok E2 d,Jl. Jupiter Timur,5604.0,2017
583,Gedebage,327323,Rancasari,Taman Blok G2,Jl. Yupiter Utama,1781.0,2017
602,Gedebage,327323,Rancasari,Taman Blok N2,Jl. Yupiter Utama,60002.0,2017
603,Gedebage,327323,Rancasari,Taman Blok O2 a,Jl. Yupiter Utama III,180.0,2017
604,Gedebage,327323,Rancasari,Taman Blok O2 b,Jl. Yupiter Timur,23067.0,2017
605,Gedebage,327323,Rancasari,Taman Blok O2 c,Jl. Yupiter XIII,4708.0,2017
607,Gedebage,327323,Rancasari,Taman Blok T2 depan No. 24,Jl. Yupiter Utama,557.0,2017
608,Gedebage,327323,Rancasari,Taman Blok V2,Jl. Galaxy Raya,2173.0,2017
609,Gedebage,327323,Rancasari,Taman Blok M2,Jl. Yupiter Utama,413.0,2017
612,Gedebage,327323,Rancasari,Taman Blok B2 b,Jl. Jupiter Tengah V,770.0,2017
615,Gedebage,327321,Bandung Kidul,Taman Sanggar Hurip 2,Jl. Sanggar Kencana Timur,452.0,2017
616,Gedebage,327321,Bandung Kidul,Taman Sanggar Hurip 3,Jl. Sanggar Utama,565.0,2017
619,Gedebage,327321,Bandung Kidul,Taman Sanggar Hurip 6,Jl. Sanggar Kencana 5,480.0,2017
606,Gedebage,327323,Rancasari,Taman Blok O2 depan no. 125,Jl. Sanggar Kencana Timur,567.0,2017
610,Gedebage,327323,Rancasari,Taman Blok S2 depan no. 69,Jl. Sanggar Utama,472.0,2017
611,Gedebage,327323,Rancasari,Taman Blok I2 depan no. 84,Jl. Sanggar Kencana V,325.0,2017
620,Gedebage,327321,Bandung Kidul,Taman Gading 1,Jl. Gading Barat 4,416.0,2017
621,Gedebage,327321,Bandung Kidul,Taman Gading 2,Jl. Gading Barat 2,621.0,2017
622,Gedebage,327321,Bandung Kidul,Taman Gading 3,Jl. Utama,1165.0,2017
623,Gedebage,327321,Bandung Kidul,Taman Gading 4, Pintu Gerbang,436.0,2017
624,Gedebage,327321,Bandung Kidul,Taman Gading 5, Depan Kantor Pemasaran,235.0,2017
625,Gedebage,327321,Bandung Kidul,Taman Gading 6,Jl. Gading Barat 4,214.0,2017
627,Gedebage,327321,Bandung Kidul,Taman Gading 8, Barat Lapang Tenis,595.0,2017
628,Gedebage,327321,Bandung Kidul,Taman Gading 9, Selatan Lapang Tenis,2795.0,2017
629,Gedebage,327321,Bandung Kidul,Taman Gading 10,Jl. Gading Utama Timur,810.0,2017
630,Gedebage,327321,Bandung Kidul,Taman Gading 11, Sebelah RukanBlok A dan B,376.0,2017
633,Gedebage,327321,Bandung Kidul,Taman Batu Permata,Jl. Batu Permata II,530.0,2017
302,Karees,327316,Kiaracondong,Taman 1,Jl. Kawaluyaan,5617.0,2017
303,Karees,327316,Kiaracondong,Taman 2,Jl. Kawaluyaan,5817.0,2017
304,Karees,327316,Kiaracondong,Taman 3,Jl. Kawaluyaan,544.0,2017
305,Karees,327316,Kiaracondong,Taman 4,Jl. Kawaluyaan,2387.0,2017
306,Karees,327316,Kiaracondong,Taman 5,Jl. Kawaluyaan,186378.0,2017
640,Gedebage,327321,Bandung Kidul, Pulau Jalan Samsat,Jl. Soekarno Hatta depan Samsat,124.0,2017
564,Gedebage,327323,Rancasari,Taman Metro Estate a,Jl. Venus Timur Raya/Mesjid,3590.0,2017
565,Gedebage,327323,Rancasari,Taman Metro Estate b,Jl. Venus Barat IV depan No.15,612.0,2017
566,Gedebage,327323,Rancasari,Taman Metro Estate c,Jl. Venus Barat VII depan No.8,462.0,2017
567,Gedebage,327323,Rancasari,Taman Metro Estate d,Jl. Venus Barat VII dep. 384,495.0,2017
568,Gedebage,327323,Rancasari,Taman Metro Estate e,Jl. Venus Timur VI dan I,495.0,2017
569,Gedebage,327323,Rancasari,Taman Metro Estate f,Jl. Venus Barat II,446.0,2017
570,Gedebage,327323,Rancasari,Taman Metro Estate g,Jl. Venus Timur I dan II,446.0,2017
571,Gedebage,327323,Rancasari,Taman Metro Estate h,Jl. Venus Raya,894.0,2017
572,Gedebage,327323,Rancasari,Taman Metro Estate i,Jl. Venus Barat VI,128.0,2017
573,Gedebage,327323,Rancasari,Taman Metro Estate j,Jl. Venus Raya,678.0,2017
575,Gedebage,327323,Rancasari,Taman Metro Estate m,Jl. Venus Raya,604.0,2017
576,Gedebage,327323,Rancasari,Taman Metro Estate n,Jl. Venus Barat IX,450.0,2017
577,Gedebage,327323,Rancasari,Taman Metro Estate o,Jl. Venus Raya/Minimarket,518.0,2017
613,Gedebage,327323,Rancasari,Taman RW 10Kel. Mekar Jaya,-,130.0,2017
547,Gedebage,327322,Buahbatu,Taman Blok Q a,Jl. Mercury Selatan XI,1637.0,2017
548,Gedebage,327322,Buahbatu,Taman Blok Q b,Jl. Mercury Selatan VIII,648.0,2017
549,Gedebage,327322,Buahbatu,Taman Blok Q c,Jl. Saturnus Utara VII,408.0,2017
556,Gedebage,327322,Buahbatu,Taman Blok P,Jl. Mars Barat II/III,1486.0,2017
557,Gedebage,327322,Buahbatu,Taman Blok P a,Jl. Mars Timur IV/V,37649.0,2017
558,Gedebage,327322,Buahbatu,Taman Blok P b,Jl. Mars Selatan  XVI,29811.0,2017
559,Gedebage,327322,Buahbatu,Taman Blok O,-,14723.0,2017
561,Gedebage,327322,Buahbatu,Taman Blok P c,Jl. Mars Utara II,800.0,2017
562,Gedebage,327322,Buahbatu,Taman Blok Y a,Jl. Rancabolang,1182.0,2017
23,Bojonegara,327301,Sukasari,Taman Perumnas Sarijadi -a,Perumnas SarijadiBlok 5,7447,2018
24,Bojonegara,327301,Sukasari,Taman Perumnas Sarijadi -b,Perumnas SarijadiBlok 7,-,2018
25,Bojonegara,327301,Sukasari,Taman Perumnas Sarijadi -c,Perumnas SarijadiBlok 9,-,2018
26,Bojonegara,327301,Sukasari,Taman Perumnas Sarijadi -d,Perumnas SarijadiBlok 13,-,2018
27,Bojonegara,327301,Sukasari,Taman Perumnas Sarijadi -e,Perumnas SarijadiBlok 15,-,2018
28,Bojonegara,327301,Sukasari,Taman Perumnas Sarijadi -f,Perumnas SarijadiBlok 24,-,2018
29,Bojonegara,327301,Sukasari,Taman RW 05 Kel. Sarijadi,Jl. Sarijadi,150,2018
30,Bojonegara,327301,Sukasari,Taman RW 02 Kel. Gegerkalong,-,203,2018
31,Bojonegara,327301,Sukasari,Taman RW 02 Kel. Gegerkalong Kec. Sukasari,Jl. Mesjid At Taqwa ,174.55,2018
43,Bojonegara,327307,Sukajadi,Taman Perumnas Sarijadi -a,Perumnas SarijadiBlok 5,7447,2018
57,Bojonegara,327307,Sukajadi,Median flyover Pasteur,Jl. Pasteur,5852.5,2018
59,Bojonegara,327307,Sukajadi,Taman RW 01 Kel. Pasteur,Jl. Cemara - Gg. Cemara VI,357.8,2018
60,Bojonegara,327307,Sukajadi,Taman RW 02 Kel. Sukawarna,Jl. Sariwangi,285,2018
61,Bojonegara,327307,Sukajadi,Taman RW 10 Kel. Sukabungah,Taman Manggis Ceria,205.92,2018
62,Bojonegara,327307,Sukajadi,Taman RW 04 Kel. Sukawarna Kec. Sukajadi,RW 04Jl. Cibogo,110.07,2018
88,Bojonegara,327306,Cicendo,Taman Pendawa RW 03/04,Jl. Pendawa/Kresna,3861.74,2018
94,Bojonegara,327306,Cicendo,Taman RW 01 Kel. Pamoyanan,Jl. Pesantren Wetan,375.51,2018
95,Bojonegara,327306,Cicendo,Taman RW 05 Kel. Pasir Kaliki,Jl . yakin,252,2018
96,Bojonegara,327306,Cicendo,Taman Alun-alun Cicendo ,Jl. Arjuna - Husen Sastranegara - Cicendo,5400,2018
97,Bojonegara,327306,Cicendo,Taman RW 07 Kel. Pajajaran,-,82.34,2018
98,Bojonegara,327306,Cicendo,Taman RW 01 Kel. Sukaraja,-,309.76,2018
113,Bojonegara,327305,Andir,Taman RW 07 Belakang Kantor Kel. Maleber,Jl. Maleber Utara,210,2018
114,Bojonegara,327305,Andir,Taman RW 07 Kel. Kebon Jeruk,-,76,2018
123,Cibeunying,327302,Coblong,Taman Gesit,Jl. Dipatiukur  - Lebak Gede - Coblong,556.5,2018
131,Cibeunying,327302,Coblong,Taman Fitness,Jl. Teuku Umar - Lebakgede - Coblong,3614,2018
133,Cibeunying,327302,Coblong,Taman Dago Atas (Dago Tea House),Jl. Dago Atas,2760,2018
135,Cibeunying,327302,Coblong,Lapang Lebak Siliwangi (Sabuga),Jl. Taman Sari,71568.13,2018
141,Cibeunying,327302,Coblong,Taman Eks SPBU Cikapayang (Taman Cikapayang Dago),Jl. Ir. H. Djuanda,2490,2018
146,Cibeunying,327302,Coblong,Taman Hutan Kota Babakan Siliwangi,Jl. Tamansari no. 90 - Lb. Siliwangi - Coblong,23052,2018
154,Cibeunying,327302,Coblong,Taman Japati,Jl. Japati,40,2018
155,Cibeunying,327302,Coblong,Taman RW 04 Kel. Sadang Serang,Jl. Gelatik Dalam,158.93,2018
156,Cibeunying,327302,Coblong,Taman Barokah RW 05 Lebak Siliwangi,Jl. Tamansari ,56,2018
164,Cibeunying,327309,Bandung Wetan,Taman Wastukancana/Tamansari (Liuzou),Jl. Tamansari,280,2018
178,Cibeunying,327309,Bandung Wetan,Taman Cilaki Atas (Taman Lansia),Jl. Cilaki Atas/Jl. Cisangkuy/Jl. Citarum,16620,2018
179,Cibeunying,327309,Bandung Wetan,Taman Cilaki Tengah (Taman Kandaga Puspa),Jl. Cilaki/Jl. Citarum,6487,2018
180,Cibeunying,327309,Bandung Wetan,Taman Cilaki Bawah I dan II (Pet Park),Jl. Cilaki/Jl. Ciliwung,9753,2018
189,Cibeunying,327309,Bandung Wetan,Lapang Supratman (Taman Persib),Jl. W.R. Supratman No.24 - Cihapit,9072.75,2018
196,Cibeunying,327309,Bandung Wetan,Taman Rangga Malela (Taman Radio),Jl. Juanda/Jl. Ranggamalela,920.9,2018
201,Cibeunying,327309,Bandung Wetan,Taman Cikapayang/Badak Singa (depan PDAM),Jl. Badak Singa,846.34,2018
209,Cibeunying,327309,Bandung Wetan,Taman Pasupati (Taman Jomblo),Bawah Fly Over Pasupati,1539,2018
213,Cibeunying,327309,Bandung Wetan,Taman RW 07 Kel. Lebak Siliwangi,-,122.08,2018
214,Cibeunying,327309,Bandung Wetan,Taman RW 10 Kel.Tamansari,-,654.2,2018
215,Cibeunying,327319,Sumur Bandung,Taman Braga,Jl. Braga/Jl. Naripan,55,2018
225,Cibeunying,327319,Sumur Bandung,Taman Sentrum (Taman Musik),Jl. Belitung,2100.75,2018
226,Cibeunying,327319,Sumur Bandung,Jalur Aceh ,Jl. Aceh,1840,2018
228,Cibeunying,327319,Sumur Bandung,Taman Inklusi,Jl. Aceh/Jl. Saparua (pojok Taman Maluku),400,2018
233,Cibeunying,327319,Sumur Bandung,Taman Kosambi (Taman Pelangi),Jl. Kosambi,500,2018
237,Cibeunying,327319,Sumur Bandung,Taman eks SPBU depanTaman Pramuka (Taman Kitri),Jl. LLRE Martadinata ,1566,2018
238,Cibeunying,327319,Sumur Bandung,Taman Sejarah,Jl. Aceh No. 53,2600,2018
251,Cibeunying,327314,Cibeunying Kidul,Taman Villa Asri Tengah V,Jl.Villa Asri Tengah V,-,2018
252,Cibeunying,327314,Cibeunying Kidul,Taman Villa Asri Raya,Jl.Villa Asri Raya,-,2018
253,Cibeunying,327314,Cibeunying Kidul,Taman Villa Asri III,Jl.Villa Asri III,-,2018
254,Cibeunying,327314,Cibeunying Kidul,Taman Villa Asri 3,Jl.Villa Asri 3,-,2018
265,Cibeunying,327318,Cibeunying Kaler,Taman jalaprang,-,1759.49,2018
267,Cibeunying,327318,Cibeunying Kaler,Taman RW 05 Kel. Pasirlayung,-,650.47,2018
268,Cibeunying,327318,Cibeunying Kaler,Taman RW 08 Kel. Pasirlayung,-,307.29,2018
269,Cibeunying,327318,Cibeunying Kaler,Taman RW 05 Pasirlayung,Jl. Bungursari II,650,2018
270,Cibeunying,327318,Cibeunying Kaler,Taman RW 08 Cihaurgeulis,Jl. Muararajeun Lama,-,2018
271,Cibeunying,327318,Cibeunying Kaler,Taman RW 09 Sukaluyu,Jl. Jalaprang Sukaluyu,215,2018
272,Cibeunying,327318,Cibeunying Kaler,Taman RW 10 Sukamaju,Jl. Sukamaju,-,2018
279,Tegallega,327310,Astanaanyar,Taman RW 03 Kel. Karasak,-,105,2018
280,Tegallega,327310,Astanaanyar,Taman RW 06 Kel. Pelindung Hewan,-,400,2018
284,Tegallega,327303,Babakan Ciparay,Taman RW 07 Kel. Margahayu Utara,Komp. Cibolerang,371.36,2018
285,Tegallega,327303,Babakan Ciparay,Taman Cibolerang,Komp. CibolerangBlok C,891,2018
286,Tegallega,327303,Babakan Ciparay,Taman Satria RW 07 Blok G ,Jl. Satria Wetan,96,2018
287,Tegallega,327303,Babakan Ciparay,Taman RW RT 07 Cirangrang,Jl. Senja Cirangrang,123,2018
288,Tegallega,327303,Babakan Ciparay,Taman RW 10 Babakan,Jl. Sumbersari ,112,2018
289,Tegallega,327303,Babakan Ciparay,Taman RW 05 Cirangrang,Jl. Fatamorgana,115,2018
290,Tegallega,327303,Babakan Ciparay,Taman RW 01 Margahayu Utara,Jl. Kopo Indah 3,96,2018
296,Tegallega,327315,Bandung Kulon,Taman RW 08 Kel. Gempolsari,Komp. Bumi Asri  ,271.93,2018
297,Tegallega,327315,Bandung Kulon,Taman RW 07 Kel. Warung Muncang,-,420,2018
299,Tegallega,327315,Bandung Kulon,Taman RW 05 Kel. Cijerah,-,289.13,2018
300,Tegallega,327315,Bandung Kulon,"Taman RW 10 Kel. Gempolsari, Bdg Kulon",TamanKomplek Gempol Asri -Jl. Gempol Elok,345.52,2018
307,Tegallega,327317,Bojongloa Kidul,Taman RW 04 Kel. Situsaeur,Jl. Leuwi Anyar,97,2018
308,Tegallega,327317,Bojongloa Kidul,Taman RW 10 Situsaeur,Jl. Leuwi Anyar,97,2018
309,Tegallega,327317,Bojongloa Kidul,Taman RW 05 Situsaeur,Jl. Nyengseret Situsaeur,-,2018
326,Tegallega,327304,Bojongloa Kaler,Taman RW 09 Kel. Kopo,Jl.Citarip 3,109.45,2018
327,Tegallega,327304,Bojongloa Kaler,Taman RW 10 Kel. Sukaasih,-,247.1,2018
353,Karees,327312,Batununggal,Taman RW 05 Kel. Kebonwaru,-,100.13,2018
354,Karees,327312,Batununggal,Taman RW 05 Kel. Gumuruh,-,216.75,2018
355,Karees,327312,Batununggal,Taman RW 10 Kel. Gumuruh Kec. Batununggal,Jl. Salendro Timur V,417.01,2018
380,Karees,327313,Lengkong,Taman RW 03 Kel. Turangga,-,578,2018
381,Karees,327313,Lengkong,Taman RW 07 Kel. Turangga,-,52,2018
383,Karees,327313,Lengkong,Taman Pers Malabar,Jl. Malabar/Jl. Palasari,5007.68,2018
402,Karees,327311,Regol,Taman Cilentah (Taman Bobotoh),Jl. Cilentah,1608.2,2018
412,Karees,327311,Regol,Taman RW.09 Kel. Ciateul (Taman Lansia Regol),Jl. Ciateul ,100,2018
413,Karees,327311,Regol,Taman RW.12 Kel. Cigereleng /Taman Pembauran,-,200,2018
414,Karees,327311,Regol,Taman RW 01 Kel. Pungkur,-,123.96,2018
415,Karees,327311,Regol,Taman RW 01 Kel. Pasirluyu,-,185,2018
416,Karees,327311,Regol,Taman RW 06 Pasirluyu,Jl.Pasir Jaya,125.00,2018
417,Arcamanik,327320,Antapani,Taman RW 02 Kel. Antapani Tengah,Antapani Tengah,171,2018
418,Arcamanik,327320,Antapani,Taman RW 03 Kel. Antapani Kulon, Antapani Kulon ,324,2018
419,Arcamanik,327320,Antapani,Taman RW 06 Kel. Antapani Wetan,Antapani Wetan,468.4,2018
420,Arcamanik,327320,Antapani,Taman RW 15 Kel. Antapani Kidul,Antapani Kidul,430.5,2018
421,Arcamanik,327320,Antapani,Taman RW 17 Kel. Antapani Tengah,Antapani Tengah,220.28,2018
422,Arcamanik,327320,Antapani,Taman RW 09 Kel. Antapani Kidul,Antapani Kidul,320,2018
423,Arcamanik,327320,Antapani,Taman RW 24 Kel. Antapani Tengah,Perumahan Parakan Mas,194.46,2018
424,Arcamanik,327320,Antapani,Taman RW 01 Kel. Antapani Tengah ,Jl. Terusan Jalan jakarta No 78A,62.34,2018
425,Arcamanik,327320,Antapani,Taman RW 02 Kel. Antapani Kulon ,Jl. Jakarta Dalam No. 20,191.07,2018
426,Arcamanik,327320,Antapani,"Taman RW 07 Kel. Pasirwangi, Ujungberung",-,590.11,2018
437,Arcamanik,327320,Antapani,Taman Antapani Lama,-,102,2018
438,Arcamanik,327320,Antapani,Taman RW 03 Antapani Tengah,Jl.Subang II,55,2018
439,Arcamanik,327320,Antapani,Taman RW 01 Antapani Tengah,Jl.Purwakarta,150,2018
491,Arcamanik,327324,Arcamanik,Taman Arcamanik ,-,661.5,2018
492,Arcamanik,327324,Arcamanik,Taman RW 07 Kel. Cisaranten Bina Harapan,Komplek Bina Marga CisarantenBlok 1,289.62,2018
493,Arcamanik,327324,Arcamanik,Taman RW 11 Kel. Cisaranten Kulon,Jl.Permata Permai V,158,2018
494,Arcamanik,327324,Arcamanik,Taman RW 13 Kel. Sukamiskin,-,235,2018
495,Arcamanik,327324,Arcamanik,Taman RW 12 Kel. Cisaranten Endah,-,741.28,2018
496,Arcamanik,327324,Arcamanik,Taman RW 10 Kel. Cisaranten Bina Harapan,-,266.75,2018
497,Arcamanik,327324,Arcamanik,Taman Golf Barat VII Depan No 07,Jl.Golf Barat VII,-,2018
498,Arcamanik,327324,Arcamanik,Taman RW 09 di Kec Arcamanik,Jl. Olahraga (Kampoeng Takakura),231.28,2018
520,Arcamanik,327330,Mandalajati,Taman RW 11 Kel. Sindangjaya,-,200,2018
521,Arcamanik,327330,Mandalajati,Taman RW 03 Sindangjaya,Jl.Sindangjaya,185,2018
522,Arcamanik,327330,Mandalajati,Taman RW 06 Karang Pamulang,Jl.Kampung Kertasari,-,2018
525,Ujungberung,327326,Ujungberung,Alun-Alun Ujungberung,Jl. A.H. Nasution - Cigending - Ujung Berung,5089,2018
532,Ujungberung,327326,Ujungberung,Taman RW 14 Kel. Pasanggrahan,-,399.67,2018
533,Ujungberung,327326,Ujungberung,Taman RW 11 Kel. Cigending (RT 06 dan RT 05),-,251.35,2018
534,Ujungberung,327326,Ujungberung,Taman RW 14 Kel. Pasirjati,-,217.81,2018
535,Ujungberung,327326,Ujungberung,Taman RW 01 Kel. Cigending,Jl.Cigending,151.81,2018
536,Ujungberung,327326,Ujungberung,Taman RW 14 Kel. Pasanggrahan,-,233.61,2018
538,Ujungberung,327326,Ujungberung,Taman RW 07 Kel. Pasir Endah,-,181,2018
586,Ujungberung,327326,Ujungberung,Taman RW 02 Kel. Mekarmulya,Jl. Aster Mekar,178.2,2018
587,Ujungberung,327326,Ujungberung,Taman RW 08 Kel. Cipadung Kidul,Jl. Indah 10,190.5,2018
588,Ujungberung,327326,Ujungberung,Taman RW 13 Kel. Cipadung Kidul,-,264,2018
597,Ujungberung,327326,Ujungberung,Taman RW 09 Kel. Cisurupan,Jl. Cigupakan,231.37,2018
598,Ujungberung,327326,Ujungberung,Taman RW 09 Kel. Palasari,Gg. Cilomera - Cilengkrang 2,220,2018
602,Ujungberung,327326,Ujungberung,Jalur Samping Utara (sutet),Jl. Soekarno Hatta - Gedebage,3628,2018
606,Ujungberung,327326,Ujungberung,Taman RW 02 Kel. Babakan Penghulu,Jl. Bebedahan,314.68,2018
620,Kordon,327322,Buahbatu,Taman Blok B b (Taman RW 13),Jl. Pluto Raya,900,2018
656,Kordon,327322,Buahbatu,Taman RW 04 Kel. Margasari,-,273.25,2018
657,Kordon,327322,Buahbatu,Taman RW 02 Kel. Sekejati,-,446.47,2018
658,Kordon,327322,Buahbatu,Taman RW 13 Kel. Margasari,-,315.56,2018
659,Kordon,327322,Buahbatu,Taman RW 07 Kel. Sekejati ,Galaxy,359.32,2018
660,Kordon,327321,Bandung Kidul,Taman RW 10 Kel. Kujangsari,-,223.21,2018
661,Kordon,327321,Bandung Kidul,Taman RW 04 Kel. Jatisari,-,193,2018
662,Kordon,327321,Bandung Kidul,Taman RW 04 Istana Kawaluyaan Kel.Jatisari,Jl.Istana Kawaluyaan,120,2018
686,Gedebage,327327,Gedebage,Taman RW 12 Kel. Cisaranten,Jl. Riung pureung 9Komplek Riung Bandung,350,2018
687,Gedebage,327327,Gedebage,Taman RW 07 Kel. Rancanumpang,Perum Cempaka Arum RW 07,1200,2018
688,Gedebage,327327,Gedebage,Taman RW 07 Kel. Cimincrang,-,306,2018
689,Gedebage,327327,Gedebage,Taman RW 14 Kel. Cisaranten Kidul,-,358.11,2018
690,Gedebage,327327,Gedebage,Taman RW 02 dan 07 Kel. Rancanumpang,-,1000,2018
691,Gedebage,327327,Gedebage,Taman RW 09 Kel. Cisaranten Kidul,-,264.85,2018
692,Gedebage,327323,Rancasari,Taman RW 06 Kel. Derwati,-,189,2018
693,Gedebage,327323,Rancasari,Taman RW 10 Kel. Derwati,Saluyu Indah Raya RW 10 Kec. Rancasari,129.78,2018
123,Cibeunying,327308,Cidadap,"Taman RW 08 Kel. Hegarmanah, Cidadap",Balai Musyawarah RW 08,69.79,2019
216,Cibeunying,327309,Bandung Wetan,Taman RW 04 Kel.Tamansari Kec. Bandung Wetan,Jl. Kebon Bibit No.2a,120.98,2019
276,Cibeunying,327318,Cibeunying Kaler,Taman RW 07 Kel. Neglasari di Kec. Cibeunying Kaler ,Taman Kunang RW 07Jl. Cikutra Baru,50.89,2019
285,Tegallega,327310,Astanaanyar,Taman RW 07 Kel. Nyengseret Kec. Astana Anyar ,Jl. Otto Iskandar Dinata (Terminal Tegalega),101.79,2019
404,Karees,327313,Lengkong,Taman 09 Kec. Lengkong ,Jl. Sinom IV - Turangga,76.34,2019
423,Karees,327311,Regol,Taman RW 06 Kel. Cigareleng,Jl. Kembar II belakang Posyandu,170.88,2019
530,Arcamanik,327330,Mandalajati,Taman Aula RW 03 Kel. Sindangjaya Kec. Mandalajati,-,133.5,2019
531,Arcamanik,327330,Mandalajati,"Taman RW 13 Kel. Jatihandap, Mandalajati",Jl. Sinom,158.06,2019
598,Ujungberung,327328,Panyileukan,Taman RW 03 di Kel. Cipadung Kidul (Panyileukan),Taman Segitiga -Jl. Flamboyan Timur,89.21,2019
599,Ujungberung,327328,Panyileukan,Taman RW 07 di Kel. Cipadung Kidul Panyileukan,Taman Bangkit 2Jl. Bangkit IV,170.02,2019
728,Gedebage,327323,Rancasari,Taman RW 07 Kel. Manjahlega (Taman Blok P b),Jl. Mars Timur  IV/V,558.04,2019
63,Bojonegara,327307,Sukajadi,Taman RW 03 ,Jl. Karang Tineung Indah,132,2020
297,Tegallega,327303,Babakan Ciparay,Taman RW 09 Komp. Sumbersari,Jl. Sumber Sugih,96,2020
550,Ujungberung,327326,Ujungberung,Taman RW 09 Wallagri,Jl. Pasanggrahan I,109,2020
621,Ujungberung,327329,Cinambo,Taman RW 09 Edukasi,Jl. Raya Sapan - GOR GBLA,106,2020
45,Bojonegara,327307,Sukajadi,Taman Sukajadi/ Panglayungan/ Jablay,Jl. Sukajadi,2699.08,2021
64,Bojonegara,327307,Sukajadi,Taman Gerbang Batas Kota,Tol Pasteur,190,2021
160,Cibeunying,327302,Coblong,Taman Caladi,-,142,2021
243,Cibeunying,327319,Sumur Bandung,Taman Laskar Wanita Viaduct,Jl. Stasiun Timur - Jl. Perintis Kemerdekaan,810,2021
244,Cibeunying,327319,Sumur Bandung,Taman Tentara Pelajar Viaduct,Jl. Perintis Kemerdekaan danJl. Kb. Jukut,386,2021
245,Cibeunying,327319,Sumur Bandung,TamanPulau Jalan Utara Viaduct,Jl. Suniaraja -Jl. Perintis Kemerdekaan,162,2021
246,Cibeunying,327319,Sumur Bandung,TamanPulau Jalan Selatan Viaduct,Jl. Suniaraja -Jl. Perintis Kemerdekaan,234,2021
247,Cibeunying,327319,Sumur Bandung,TamanPulau Jalan Mobile Viaduct,Jl. Suniaraja -Jl. Perintis Kemerdekaan,43,2021
248,Cibeunying,327319,Sumur Bandung,TamanPulau Jalan Suniaraja  Viaduct,Jl. Suniaraja -Jl. Perintis Kemerdekaan,573,2021
249,Cibeunying,327319,Sumur Bandung,TamanPulau Jalan Stasiun Timur  Viaduct,Jl. Stasiun Timur,342,2021
268,Cibeunying,327314,Cibeunying Kidul,Taman Pintar RW 09,Jl. Lemah Nendeut,513.75,2021
269,Cibeunying,327314,Cibeunying Kidul,Taman RW 08,-,244,2021
307,Tegallega,327303,Babakan Ciparay,Taman RW 01,Komp. PasadenaJl. Rosela,150,2021
318,Tegallega,327315,Bandung Kulon,Taman RW 02,Perumahan Bojong Raya RT 04,10,2021
363,Karees,327316,Kiaracondong,Taman di bawah fly over Kiara Condong,-,177,2021
419,Karees,327313,Lengkong,Taman RW 06,-,102.4,2021
439,Karees,327311,Regol,Taman RW 02,-,88.12,2021
480,Arcamanik,327320,Antapani,Taman Jasmine RW 19,Jl. Banjarsari,98.4,2021
481,Arcamanik,327320,Antapani,Taman RW 08,-,950,2021
482,Arcamanik,327320,Antapani,Taman Pandawa RW 12,Jl. Salatiga,1300,2021
496,Arcamanik,327324,Arcamanik,Taman Warga 69 RT 06 RW 09,Jl. Golf Barat II,200.69,2021
525,Arcamanik,327324,Arcamanik,Taman Pesona 2,Jl. Futsal Raya,72.73,2021
526,Arcamanik,327324,Arcamanik,Taman RW 06,-,79.5,2021
527,Arcamanik,327324,Arcamanik,Taman RW 07,-,45.91,2021
554,Arcamanik,327330,Mandalajati,Taman RW 10,-,336.42,2021
624,Ujungberung,327328,Panyileukan,Taman Perjuangan Veteran Teras Sunda Cibiru ,Jl. Raya Cipadung,0,2021
625,Ujungberung,327328,Panyileukan,Taman Perjuangan Veteran Teras Pangaritan,Jl. Raya Cipadung,0,2021
626,Ujungberung,327328,Panyileukan,Taman RW 10 ,Komp. Panghegar 6 samping SMP 56,111.71,2021
692,Kordon,327322,Buahbatu,Taman RW 09,Komp. Graha Alam RayaJl. Meteor Raya Timur,142.9,2021
697,Kordon,327321,Bandung Kidul,Taman Sanggar Hurip,Jl. Sanggar Utama,973.36,2021
749,Gedebage,327323,Rancasari,Taman RW 01,Komp. Bandung Indah Raya,283.38,2021
758,Gedebage,327323,Rancasari,Taman RW 16 -Taman Blok K,Jl. Saturnus ,300,2021
