Wilayah;Kode Kecamatan;Kecamatan;NamaTaman;Alamat;Luas (m2);Data Tahun
Bojonegara;327301;Sukasari;Taman Gegerkalong/Setiabudhi;Jl. Setiabudhi;152.8;2018
Bojonegara;327301;Sukasari;Taman Sukajadi/Setiabudhi;Jl. Setiabudhi;769.03;2018
Bojonegara;327301;Sukasari;Taman Setiabudhi/Karang Sari;Jl. Setiabudhi;661.35;2018
Bojonegara;327301;Sukasari;Taman Batas Kota Setiabudhi;Jl. Setiabudhi;350;2018
Bojonegara;327301;Sukasari;Taman Pintu Gerbang;Jl. Cijerokaso (Parahyangan Rumah Villa);574.05;2018
Bojonegara;327301;Sukasari;Taman Batu;Jl. Cijerokaso (Parahyangan Rumah Villa);2990.33;2018
Bojonegara;327301;Sukasari;Taman WTP (Groun TankI);Jl. Cijerokaso (Parahyangan Rumah Villa);552;2018
Bojonegara;327301;Sukasari;Taman Kav. 10 - Jembatan 1;Jl. Cijerokaso (Parahyangan Rumah Villa);744.8;2018
Bojonegara;327301;Sukasari;Taman Play Ground I;Jl. Cijerokaso (Parahyangan Rumah Villa);464.91;2018
Bojonegara;327301;Sukasari;Taman Play Ground II;Jl. Cijerokaso (Parahyangan Rumah Villa);361.75;2018
Bojonegara;327301;Sukasari;Taman Kav. 68 - 69;Jl. Cijerokaso (Parahyangan Rumah Villa);209;2018
Bojonegara;327301;Sukasari;Taman Blok F;Jl. Cijerokaso (Parahyangan Rumah Villa);186.18;2018
Bojonegara;327301;Sukasari;Taman Sebrang F. 07;Jl. Cijerokaso (Parahyangan Rumah Villa);53.75;2018
Bojonegara;327301;Sukasari;Taman Kav. 79;Jl. Cijerokaso (Parahyangan Rumah Villa);88.75;2018
Bojonegara;327301;Sukasari;Taman Kav. 88 - 106;Jl. Cijerokaso (Parahyangan Rumah Villa);95.75;2018
Bojonegara;327301;Sukasari;Taman Parkir;Jl. Cijerokaso (Parahyangan Rumah Villa);1162.12;2018
Bojonegara;327301;Sukasari;Taman Masjid dan Masjid;Jl. Cijerokaso (Parahyangan Rumah Villa);956.54;2018
Bojonegara;327301;Sukasari;Lapang Basket dan Ground Tank II;Jl. Cijerokaso (Parahyangan Rumah Villa);762.74;2018
Bojonegara;327301;Sukasari;Lapangan Tenis;Jl. Cijerokaso (Parahyangan Rumah Villa);1653.42;2018
Bojonegara;327301;Sukasari;Taman Lansia Komplek KPAD Gegerkalong;Komplek KPAD Gegerkalong;510;2018
Bojonegara;327301;Sukasari;Jalur Raya Komplek KPAD;Komplek KPAD Gegerkalong;12900;2018
Bojonegara;327301;Sukasari;Lapangan Olahraga Komplek KPAD Gegerkalong;Komplek KPAD Gegerkalong;20150;2018
Bojonegara;327301;Sukasari;Taman Anak Komplek KPAD Gegerkalong;Komplek KPAD Gegerkalong;2007;2018
Bojonegara;327301;Sukasari;Taman Perumnas Sarijadi -a;Perumnas SarijadiBlok 5;7447;2018
Bojonegara;327301;Sukasari;Taman Perumnas Sarijadi -b;Perumnas SarijadiBlok 7;-;2018
Bojonegara;327301;Sukasari;Taman Perumnas Sarijadi -c;Perumnas SarijadiBlok 9;-;2018
Bojonegara;327301;Sukasari;Taman Perumnas Sarijadi -d;Perumnas SarijadiBlok 13;-;2018
Bojonegara;327301;Sukasari;Taman Perumnas Sarijadi -e;Perumnas SarijadiBlok 15;-;2018
Bojonegara;327301;Sukasari;Taman Perumnas Sarijadi -f;Perumnas SarijadiBlok 24;-;2018
Bojonegara;327301;Sukasari;Taman RW 05 Kel. Sarijadi;Jl. Sarijadi;150;2018
Bojonegara;327301;Sukasari;Taman RW 02 Kel. Gegerkalong;-;203;2018
Bojonegara;327301;Sukasari;Taman RW 02 Kel. Gegerkalong Kec. Sukasari;Jl. Mesjid At Taqwa ;174.55;2018
Bojonegara;327307;Sukajadi;Taman Sukajadi/Cemara;Jl. Sukajadi;395;2018
Bojonegara;327307;Sukajadi;Taman Angklung;Jl. Sukajadi;1823.52;2018
Bojonegara;327307;Sukajadi;Taman Sukajadi/Eykman;Jl. Sukajadi;1733.44;2018
Bojonegara;327307;Sukajadi;Taman Setiabudhi/Cipaganti;Jl. Dr. Setiabudi;1529.7;2018
Bojonegara;327307;Sukajadi;Taman Setiabudhi/Sindang Sirna;Jl. Sukajadi;972;2018
Bojonegara;327307;Sukajadi;Taman Sukajadi/Karangtineung;Jl. Sukajadi;1940.5;2018
Bojonegara;327307;Sukajadi;Taman Pulau Jl. Setiabudhi - Jl. Sukajadi;Jl. Setiabudhi -Jl. Sukajadi;796.09;2018
Bojonegara;327307;Sukajadi;Taman Sukajadi/Karangtinggal;Jl. Sukajadi;250;2018
Bojonegara;327307;Sukajadi;Taman Sukajadi/Sukamaju;Jl. Sukajadi;200;2018
Bojonegara;327307;Sukajadi; Pulau Jalan Pasirkaliki/Pasteur;Jl. Sukajadi;895.6;2018
Bojonegara;327307;Sukajadi;Taman Sukarasa;Jl. Sukarasa;500;2018
Bojonegara;327307;Sukajadi;Taman Perumnas Sarijadi -a;Perumnas SarijadiBlok 5;7447;2018
Bojonegara;327307;Sukajadi;Taman Pro. Eykman/Makmur;Jl. Eykman;790;2018
Bojonegara;327307;Sukajadi;Taman Sukajadi/Panglayungan;Jl. Sukajadi;2699.08;2018
Bojonegara;327307;Sukajadi;Lapang Voli Perumahan Sukamulya Indah;Komplek Perumahan Sukamulya Indah;408;2018
Bojonegara;327307;Sukajadi;Taman Sukagalih;Jl. Sukagalih (depan Kelurahan);99;2018
Bojonegara;327307;Sukajadi;Jalur HijauJalur Bungur;Jl. Bungur;264;2018
Bojonegara;327307;Sukajadi;Taman Sudut Pasirkaliki 1;Jl. Pasteur;593.31;2018
Bojonegara;327307;Sukajadi;Taman Sudut Pasirkaliki 2;Jl. Pasirkaliki;536;2018
Bojonegara;327307;Sukajadi;Taman Sukamulya/Pasteur;Jl. Sukamulya;782.52;2018
Bojonegara;327307;Sukajadi;Taman Surya Sumantri;Jl. Surya Sumantri / Dr. Junjunan;983.2;2018
Bojonegara;327307;Sukajadi;Taman Sukamulya Bunderan;Jl. Pasteur;378.5;2018
Bojonegara;327307;Sukajadi;Jalur Dr. Djundjunan;Jl. Dr. Djundjunan -Jl. Suria Sumantri;6258.56;2018
Bojonegara;327307;Sukajadi;Taman Eks SPBU Sukajadi;Jl. Pasteur;4251.03;2018
Bojonegara;327307;Sukajadi;Lapangan ABRA;Jl. Cipedes;14966.38;2018
Bojonegara;327307;Sukajadi;Median flyover Pasteur;Jl. Pasteur;5852.5;2018
Bojonegara;327307;Sukajadi;Taman Tenteram;Jl. Tenteram;365.6;2018
Bojonegara;327307;Sukajadi;Taman RW 01 Kel. Pasteur;Jl. Cemara - Gg. Cemara VI;357.8;2018
Bojonegara;327307;Sukajadi;Taman RW 02 Kel. Sukawarna;Jl. Sariwangi;285;2018
Bojonegara;327307;Sukajadi;Taman RW 10 Kel. Sukabungah;Taman Manggis Ceria;205.92;2018
Bojonegara;327307;Sukajadi;Taman RW 04 Kel. Sukawarna Kec. Sukajadi;RW 04Jl. Cibogo;110.07;2018
Bojonegara;327306;Cicendo;Taman Patung Husein;Jl. Padjadjaran;518.25;2018
Bojonegara;327306;Cicendo;Taman Dr. Rajiman;Jl. Dr. Rajiman;895.5;2018
Bojonegara;327306;Cicendo;Taman Dr. Otten 1;Jl. Dr. Otten;3171.08;2018
Bojonegara;327306;Cicendo;Taman Dr. Otten 2;Jl. Dr. Otten;58;2018
Bojonegara;327306;Cicendo; Pulau Jalan Westhcoop I;Jl. Dr. Otten;183.06;2018
Bojonegara;327306;Cicendo; Pulau Jalan Westhcoop II;Jl. Dr. Otten;137.5;2018
Bojonegara;327306;Cicendo;Taman Curie;Jl. Dr. Curie;974.04;2018
Bojonegara;327306;Cicendo;Taman Erligh;Jl. Dr. Erligh;391;2018
Bojonegara;327306;Cicendo;Taman Abdul Riva'i;Jl. Abdul Riva'I;671.7;2018
Bojonegara;327306;Cicendo;Taman Dr. Cipto;Jl. Pajajaran;1709.18;2018
Bojonegara;327306;Cicendo;Taman Pandu/Padjadjaran;Jl. Pajajaran;82.25;2018
Bojonegara;327306;Cicendo;Taman Monumen KTT Non Blok;Jl. Pajajaran;1526.73;2018
Bojonegara;327306;Cicendo;Taman Abd. Rachman Saleh ;Jl. Abd. Rachman Saleh;1959.06;2018
Bojonegara;327306;Cicendo;Taman Supadio I;Jl. Abd. Rachman Saleh;858.75;2018
Bojonegara;327306;Cicendo;Taman Supadio II;Jl. Abd. Rachman Saleh;431.5;2018
Bojonegara;327306;Cicendo;Taman Nurtanio (Jalur);Jl. Nurtanio/Garuda;567.75;2018
Bojonegara;327306;Cicendo;Taman Adipura;Jl. Padjajaran;100;2018
Bojonegara;327306;Cicendo;Taman Sudut Kebon Kawung/Pasirkaliki;Jl. Kebon Kawung/Pasirkaliki;362.7;2018
Bojonegara;327306;Cicendo;Taman Arjuna/Pendawa;Jl. Arjuna;341.4;2018
Bojonegara;327306;Cicendo;Taman Lesmana;Jl. Lesmana;1844;2018
Bojonegara;327306;Cicendo;Taman Pandu Gereja;Jl. Pandu;988;2018
Bojonegara;327306;Cicendo; Lap. Kembar Empat;Jl. Muhamad;4488;2018
Bojonegara;327306;Cicendo;Taman GOR Padjadjaran;Jl. Pajajaran;5745.07;2018
Bojonegara;327306;Cicendo;Taman Bima/Kresna;Jl. Bima;117.45;2018
Bojonegara;327306;Cicendo;Taman Bima;Jl. Bima;555;2018
Bojonegara;327306;Cicendo;Taman Pendawa RW 03/04;Jl. Pendawa/Kresna;3861.74;2018
Bojonegara;327306;Cicendo;Taman Bunderan Arjuna;Jl. Arjuna;25;2018
Bojonegara;327306;Cicendo;Lapangan Jatayu;Jl. Supadio;4666.5;2018
Bojonegara;327306;Cicendo;TamanLapangan Olah Raga Mahmud;Jl. Mahmud;5330;2018
Bojonegara;327306;Cicendo;Taman Brounsweigh;Jl. Wastukancana;490.25;2018
Bojonegara;327306;Cicendo;Taman Dr. Hatta;Jl. Hatta;2808.07;2018
Bojonegara;327306;Cicendo;Taman RW 01 Kel. Pamoyanan;Jl. Pesantren Wetan;375.51;2018
Bojonegara;327306;Cicendo;Taman RW 05 Kel. Pasir Kaliki;Jl . yakin;252;2018
Bojonegara;327306;Cicendo;Taman Alun-alun Cicendo ;Jl. Arjuna - Husen Sastranegara - Cicendo;5400;2018
Bojonegara;327306;Cicendo;Taman RW 07 Kel. Pajajaran;-;82.34;2018
Bojonegara;327306;Cicendo;Taman RW 01 Kel. Sukaraja;-;309.76;2018
Bojonegara;327305;Andir;Taman Waringin;Jl. Waringin;198.1;2018
Bojonegara;327305;Andir;Taman Rajawali/Arjuna;Jl. Rajawali;376;2018
Bojonegara;327305;Andir;Jalur Sudirman;Jl. Sudirman;3158.02;2018
Bojonegara;327305;Andir; TPJ Sudirman - Rajawali;Jl. Sudirman;825.54;2018
Bojonegara;327305;Andir; Bunderan Sudirman;Jl. Sudirman;735;2018
Bojonegara;327305;Andir;Jalur Garuda Barat;Jl. Garuda;2405;2018
Bojonegara;327305;Andir;Jalur Elang;Jl. Elang;1395.67;2018
Bojonegara;327305;Andir;Taman Cimindi;Jl. Cimindi;1557.21;2018
Bojonegara;327305;Andir;Taman yaplun;Jl. yaplun;50;2018
Bojonegara;327305;Andir;Taman Sudut Rajawali;Jl. Rajawali;666.35;2018
Bojonegara;327305;Andir;Lapang Elang;Jl. Elang II;10306;2018
Bojonegara;327305;Andir;Jalur Garuda Timur;Jl. Garuda;2968.13;2018
Bojonegara;327305;Andir;Taman RW. 04 Kel. Dungucariang;Jl. Jend.Sudirman;110;2018
Bojonegara;327305;Andir;TAMAN RW. 09 Kel. Kebun Jeruk;Jl. Kasman;130;2018
Bojonegara;327305;Andir;Taman RW 07 Belakang Kantor Kel. Maleber;Jl. Maleber Utara;210;2018
Bojonegara;327305;Andir;Taman RW 07 Kel. Kebon Jeruk;-;76;2018
Cibeunying;327308;Cidadap;Taman Ciumbuleuit 1;Jl. Ciumbuleuit;78.5;2018
Cibeunying;327308;Cidadap;Taman Hegarmanah Tugu;Jl. Hegarmanah;587.6;2018
Cibeunying;327308;Cidadap;Taman Hegarmanah Tengah;Jl. Hegarmanah;70;2018
Cibeunying;327308;Cidadap;Taman Ciumbuleuit 2 (Taman Kolam);Jl. Kolam;5120;2018
Cibeunying;327308;Cidadap;Taman Rancabentang;Jl. Rancabentang;2198.98;2018
Cibeunying;327308;Cidadap;Taman HegarmanahLapang Volli;Jl. Hegarmanah;1576;2018
Cibeunying;327308;Cidadap;Taman Sanirosa;Jl. Sanirosa;135;2018
Cibeunying;327308;Cidadap;Taman Hegarmanah;Jl. Hegarmanah;900;2018
Cibeunying;327302;Coblong;Taman Gesit;Jl. Dipatiukur  - Lebak Gede - Coblong;556.5;2018
Cibeunying;327302;Coblong;Jalur Dago;Jl. Dago;2156;2018
Cibeunying;327302;Coblong;Taman Keluarga Berencana;Jl. Setiabudhi -Jl. Cihampelas;410;2018
Cibeunying;327302;Coblong;Taman Siliwangi/Sangkuriang;Jl. Siliwangi;59.4;2018
Cibeunying;327302;Coblong;Taman Siliwangi/Sumur Bandung;Jl. Siliwangi;185.5;2018
Cibeunying;327302;Coblong;Taman Ganesha;Jl. Ganesa;9612;2018
Cibeunying;327302;Coblong;Taman Bapak Husen;Jl. Cipaganti ;639;2018
Cibeunying;327302;Coblong;Jalur Siliwangi;Jl. Siliwangi;150.12;2018
Cibeunying;327302;Coblong;Taman Fitness;Jl. Teuku Umar - Lebakgede - Coblong;3614;2018
Cibeunying;327302;Coblong;Taman Dayang Sumbi/Tamansari;Jl. Dayang Sumbi;754.6;2018
Cibeunying;327302;Coblong;Taman Dago Atas (Dago Tea House);Jl. Dago Atas;2760;2018
Cibeunying;327302;Coblong; Kebun Binatang;Jl. Taman Sari;35874.67;2018
Cibeunying;327302;Coblong;Lapang Lebak Siliwangi (Sabuga);Jl. Taman Sari;71568.13;2018
Cibeunying;327302;Coblong;Taman Hewan;Jl. Taman Sari;2456;2018
Cibeunying;327302;Coblong; Tm. Pulau Jl.Tamansari-Sumur Bandung;Jl. Taman Sari -Jl. Sumur Bandung;244.74;2018
Cibeunying;327302;Coblong;Jalur Setiabudi - Cihampelas;Jl. Cihampelas;965;2018
Cibeunying;327302;Coblong;Taman Siliwangi ; Ir. H. Juanda (simpang);81;2018
Cibeunying;327302;Coblong;Taman Tilil;Jl. Puter - Dederuk - Tikukur - Puyuh;2422.06;2018
Cibeunying;327302;Coblong;Taman Eks SPBU Cikapayang (Taman Cikapayang Dago);Jl. Ir. H. Djuanda;2490;2018
Cibeunying;327302;Coblong;Taman Pulau Jalan Ir. H. DJuanda;Jl. Ir. H. Djuanda;32;2018
Cibeunying;327302;Coblong;Taman Pulau JalanTamansari ;Jl. Tamansari;36;2018
Cibeunying;327302;Coblong;Taman Perumnas ;Jl. Sadang serang;45;2018
Cibeunying;327302;Coblong;TamanJalur Gelap Nyawang;Jl. Gelap Nyawang;44;2018
Cibeunying;327302;Coblong;Taman Hutan Kota Babakan Siliwangi;Jl. Tamansari no. 90 - Lb. Siliwangi - Coblong;23052;2018
Cibeunying;327302;Coblong; Bak Bunga Jalan Pasupati;Jembatan Pasupati;350;2018
Cibeunying;327302;Coblong;Taman Pulau Jalan Pasupati;Jl. Ir. H. Djuanda -Jl. Tamansari - Jl. Cikapayang;384;2018
Cibeunying;327302;Coblong;Taman Monumen Perjuangan Rakyat Jabar;Jl. Dipatiukur -Jl. Suci;83100;2018
Cibeunying;327302;Coblong;Taman Bagusrangin;Jl. Bagusrangin;1560;2018
Cibeunying;327302;Coblong;Taman Panatayuda;Jl. Panatayuda;2387;2018
Cibeunying;327302;Coblong;Taman Hasanudin;Jl. Dipati Ukur;3400;2018
Cibeunying;327302;Coblong;Taman Tubagus Ismail;Jl. Tubagus Ismail;86;2018
Cibeunying;327302;Coblong;Taman Japati;Jl. Japati;40;2018
Cibeunying;327302;Coblong;Taman RW 04 Kel. Sadang Serang;Jl. Gelatik Dalam;158.93;2018
Cibeunying;327302;Coblong;Taman Barokah RW 05 Lebak Siliwangi;Jl. Tamansari ;56;2018
Cibeunying;327309;Bandung Wetan;Taman Jl. Diponegoro - Jl. Trunojoyo;Jl. Diponegoro -Jl. Trunojoyo;709.18;2018
Cibeunying;327309;Bandung Wetan;Taman Nyland;Jl. Nyland - Tamansari;783.75;2018
Cibeunying;327309;Bandung Wetan;Taman Waska/Tamansari;Jl. Waska - Tamansari;81.49;2018
Cibeunying;327309;Bandung Wetan;Taman Waska/Purnawarman (Texas);Jl. Wastukancana;144.9;2018
Cibeunying;327309;Bandung Wetan;Taman Waska/Pajajaran (Macan);Jl. Wastukancana;127.5;2018
Cibeunying;327309;Bandung Wetan;Taman Depan Galeria BIP Sumatera/Sulawesi;Jl. Sumatera;200.9;2018
Cibeunying;327309;Bandung Wetan;Taman Waska Panglima;Jl. Wastukancana;137.4;2018
Cibeunying;327309;Bandung Wetan;Taman Wastukancana/Tamansari (Liuzou);Jl. Tamansari;280;2018
Cibeunying;327309;Bandung Wetan;Taman Viaduct (Pelajar Pejuang dan Laskar Wanita);Jl. Stasiun Timur;2550.45;2018
Cibeunying;327309;Bandung Wetan;Taman Seram;Jl. Seram;9511.23;2018
Cibeunying;327309;Bandung Wetan; GOR Saparua;Jl. Ambon;44300;2018
Cibeunying;327309;Bandung Wetan;Taman Lalu Lintas;Jl. Sumatera;45600.87;2018
Cibeunying;327309;Bandung Wetan; Stadion Siliwangi;Jl. Lombok;60576.87;2018
Cibeunying;327309;Bandung Wetan;Taman Gedung Sate;Jl. Diponegoro/Gedung Sate;16605;2018
Cibeunying;327309;Bandung Wetan;Taman PKK;Jl. Cibeunying Utara;2893.7;2018
Cibeunying;327309;Bandung Wetan;Taman Cibeunying Bank NISP;Jl. Cibeunying;688.25;2018
Cibeunying;327309;Bandung Wetan;Jalur Hijau Jalan Ciliwung;Jl. Ciliwung;936;2018
Cibeunying;327309;Bandung Wetan;Jalur Hijau Jalan Citarum;Jl. Citarum;436.66;2018
Cibeunying;327309;Bandung Wetan;Taman Citarum;Jl. Citarum;1102.67;2018
Cibeunying;327309;Bandung Wetan;Taman DKK Supratman;Jl. Supratman;264.5;2018
Cibeunying;327309;Bandung Wetan;Taman Trunojoyo;Jl. Trunojoyo;850.56;2018
Cibeunying;327309;Bandung Wetan;Taman Cilaki Atas (Taman Lansia);Jl. Cilaki Atas/Jl. Cisangkuy/Jl. Citarum;16620;2018
Cibeunying;327309;Bandung Wetan;Taman Cilaki Tengah (Taman Kandaga Puspa);Jl. Cilaki/Jl. Citarum;6487;2018
Cibeunying;327309;Bandung Wetan;Taman Cilaki Bawah I dan II (Pet Park);Jl. Cilaki/Jl. Ciliwung;9753;2018
Cibeunying;327309;Bandung Wetan;Taman Cilaki;Jl. Cilaki;300;2018
Cibeunying;327309;Bandung Wetan;Taman Progo;Jl. Progo;172;2018
Cibeunying;327309;Bandung Wetan;Taman Gempol;Jl. Gempol;1245.5;2018
Cibeunying;327309;Bandung Wetan;Taman Anggrek/Bengawan (Taman Super Hero) ;Jl. Anggrek;1425;2018
Cibeunying;327309;Bandung Wetan;Taman Pramuka;Jl. R.E. Martadinata;13845.34;2018
Cibeunying;327309;Bandung Wetan;Lapang Gasibu;Jl. Gasibu;25962;2018
Cibeunying;327309;Bandung Wetan;Jalur Prabudimuntur/Surapati;Jl. Prabudimuntur;3600;2018
Cibeunying;327309;Bandung Wetan;Taman Wira Angun-angun;Jl. Wira Angun-angun;918;2018
Cibeunying;327309;Bandung Wetan;Lapang Supratman (Taman Persib);Jl. W.R. Supratman No.24 - Cihapit;9072.75;2018
Cibeunying;327309;Bandung Wetan;Taman Cipunagara;Jl. Cipunagara;688;2018
Cibeunying;327309;Bandung Wetan;Taman Salam Puskesmas;Jl. Salam;63.5;2018
Cibeunying;327309;Bandung Wetan;Taman Rasamala;Jl. Rasamala;756.99;2018
Cibeunying;327309;Bandung Wetan;TamanLapang salam;Jl. Salam;1685;2018
Cibeunying;327309;Bandung Wetan;Taman Cendana;Jl. Cendana;392.47;2018
Cibeunying;327309;Bandung Wetan; Pulau Jalan Sentot;Jl. Sentot;16.04;2018
Cibeunying;327309;Bandung Wetan;Taman Rangga Malela (Taman Radio);Jl. Juanda/Jl. Ranggamalela;920.9;2018
Cibeunying;327309;Bandung Wetan; Pulau JalanTamansari/UNISBA;Jl. Tamansari;127.1;2018
Cibeunying;327309;Bandung Wetan;Jalur HijauTamansari;Jl. Tamansari;908.1;2018
Cibeunying;327309;Bandung Wetan;Taman Gajah Lumantung;Jl. Gajah Lumantung;807.05;2018
Cibeunying;327309;Bandung Wetan;Taman Ciungwanara;Jl. Badak Singa;1943;2018
Cibeunying;327309;Bandung Wetan;Taman Cikapayang/Badak Singa (depan PDAM);Jl. Badak Singa;846.34;2018
Cibeunying;327309;Bandung Wetan;Taman Balubur/Tamansari;Jl. Balubur;117.3;2018
Cibeunying;327309;Bandung Wetan;Jalur Hijau Cikapayang;Jl. Cikapayang;1800;2018
Cibeunying;327309;Bandung Wetan; Pulau Jalan Balubur;Jl. Balubur;131.6;2018
Cibeunying;327309;Bandung Wetan;Taman Skanda/Ganesha;Jl. Skanda;312.8;2018
Cibeunying;327309;Bandung Wetan;Taman Dr. Slamet;Jl. Dr. Slamet;1521.7;2018
Cibeunying;327309;Bandung Wetan;Taman Cempaka (Taman Fotografi);Jl. Cempaka;1785;2018
Cibeunying;327309;Bandung Wetan;Taman Mangga;Jl. Mangga;2850;2018
Cibeunying;327309;Bandung Wetan;Taman Pasupati (Taman Jomblo);Bawah Fly Over Pasupati;1539;2018
Cibeunying;327309;Bandung Wetan;Taman Skate Park;Bawah Fly Over Pasupati;300;2018
Cibeunying;327309;Bandung Wetan;Taman Cibeunying Park;Jl. Cilaki;488.25;2018
Cibeunying;327309;Bandung Wetan;Taman Film;Bawah Fly Over Pasupati;1100;2018
Cibeunying;327309;Bandung Wetan;Taman RW 07 Kel. Lebak Siliwangi;-;122.08;2018
Cibeunying;327309;Bandung Wetan;Taman RW 10 Kel.Tamansari;-;654.2;2018
Cibeunying;327319;Sumur Bandung;Taman Braga;Jl. Braga/Jl. Naripan;55;2018
Cibeunying;327319;Sumur Bandung;Taman Texas Sister City 1;Jl. Wastukencana -Jl. Purnawarman;181.6;2018
Cibeunying;327319;Sumur Bandung;Taman Halaman Balai Kota;Jl. Wastukencana;6344.9;2018
Cibeunying;327319;Sumur Bandung;Taman Merdeka (Taman Dewi Sartika);Jl. Merdeka (Balaikota);14729;2018
Cibeunying;327319;Sumur Bandung;Taman depan Masjid Al Ukhuwah;Jl. Wastukencana/Jl. Aceh;54;2018
Cibeunying;327319;Sumur Bandung;Jalur Perintis Kemerdekaan;Jl. Printis Kemerdekaan;105.95;2018
Cibeunying;327319;Sumur Bandung;Jalur Waska Barat;Jl. Waska;458.6;2018
Cibeunying;327319;Sumur Bandung;Taman Nias;Jl. Nias;310;2018
Cibeunying;327319;Sumur Bandung;Taman Patung Bola;Jl. Lembong;170;2018
Cibeunying;327319;Sumur Bandung;Taman Tongkeng;Jl. Tongkeng;3610.5;2018
Cibeunying;327319;Sumur Bandung;Taman Sentrum (Taman Musik);Jl. Belitung;2100.75;2018
Cibeunying;327319;Sumur Bandung;Jalur Aceh ;Jl. Aceh;1840;2018
Cibeunying;327319;Sumur Bandung;Taman Maluku;Jl. Ambon;23633.24;2018
Cibeunying;327319;Sumur Bandung;Taman Inklusi;Jl. Aceh/Jl. Saparua (pojok Taman Maluku);400;2018
Cibeunying;327319;Sumur Bandung;Taman Puskesmas Tamblong;Jl. Tamblong;123;2018
Cibeunying;327319;Sumur Bandung;Taman Buton;Jl. Buton;612.7;2018
Cibeunying;327319;Sumur Bandung;Taman Simpang Lima;Jl. Asia Afrika;244.7;2018
Cibeunying;327319;Sumur Bandung;Taman Riau/A. yani;Jl. Riau;685.6;2018
Cibeunying;327319;Sumur Bandung;Taman Kosambi (Taman Pelangi);Jl. Kosambi;500;2018
Cibeunying;327319;Sumur Bandung;Taman Air Mancur Vanda;Jl. Merdeka  No.9;976;2018
Cibeunying;327319;Sumur Bandung;Taman Pulau Jalan Jawa/Merdeka;Jl. Merdeka;120;2018
Cibeunying;327319;Sumur Bandung;Taman Lombok;Jl. Ambon -Jl. Lombok;50;2018
Cibeunying;327319;Sumur Bandung;Taman eks SPBU depanTaman Pramuka (Taman Kitri);Jl. LLRE Martadinata ;1566;2018
Cibeunying;327319;Sumur Bandung;Taman Sejarah;Jl. Aceh No. 53;2600;2018
Cibeunying;327314;Cibeunying Kidul;Taman Jl. Diponegoro - Jl. Citarum;Jl. Diponegoro -Jl. Citarum;235;2018
Cibeunying;327314;Cibeunying Kidul;Jalur Supratman;Jl. Supratman;3370.6;2018
Cibeunying;327314;Cibeunying Kidul;Taman Katamso;Jl. Katamso;340;2018
Cibeunying;327314;Cibeunying Kidul;Taman Cisadea;Jl. Cisadea;412.25;2018
Cibeunying;327314;Cibeunying Kidul;Taman Surapati/Cicaheum I;Jl. Surapati;2625;2018
Cibeunying;327314;Cibeunying Kidul;Taman Surapati/Cicaheum II;Jl. Surapati;1543.7;2018
Cibeunying;327314;Cibeunying Kidul;Taman Jl. Mekar Asih (Perumahan Bumi Asri Padasuka III);Jl. Mekar Asih;247.8;2018
Cibeunying;327314;Cibeunying Kidul;Taman Jl. Mekar Indah (Perumahan Bumi Asri Padasuka III);Jl. Mekar Indah;85.1;2018
Cibeunying;327314;Cibeunying Kidul;Taman Jl. Mekar Wangi Ruko (Perumahan Bumi Asri Padasuka III);Jl. Mekar Wangi Ruko;190;2018
Cibeunying;327314;Cibeunying Kidul;Taman Jl. Mekar Kencana (Perumahan Bumi Asri Padasuka III);Jl. Mekar Kencana;320;2018
Cibeunying;327314;Cibeunying Kidul;Taman Jl. Mekar Cemerlang (Perumahan Bumi Asri Padasuka III);Jl. Mekar Cemerlang;816;2018
Cibeunying;327314;Cibeunying Kidul;Taman Jl. Mekar Agung (Perumahan Bumi Asri Padasuka III);Jl. Mekar Agung;3331.44;2018
Cibeunying;327314;Cibeunying Kidul;Taman Villa Asri Tengah V;Jl.Villa Asri Tengah V;-;2018
Cibeunying;327314;Cibeunying Kidul;Taman Villa Asri Raya;Jl.Villa Asri Raya;-;2018
Cibeunying;327314;Cibeunying Kidul;Taman Villa Asri III;Jl.Villa Asri III;-;2018
Cibeunying;327314;Cibeunying Kidul;Taman Villa Asri 3;Jl.Villa Asri 3;-;2018
Cibeunying;327318;Cibeunying Kaler;Taman Supratman/Warga;Jl. Supratman;175;2018
Cibeunying;327318;Cibeunying Kaler;Jalur Pahlawan;Jl. Pahlawan;3000;2018
Cibeunying;327318;Cibeunying Kaler;Taman Batik Tiga Negri;Jl. Batik Tiga Negri;1246.25;2018
Cibeunying;327318;Cibeunying Kaler;Taman Sidoluhur;Jl. Sidoluhur;1425;2018
Cibeunying;327318;Cibeunying Kaler;Taman Sudut Suci;Jl. Suci;116;2018
Cibeunying;327318;Cibeunying Kaler;Lapang Tikukur;Jl. Tikukur;12500;2018
Cibeunying;327318;Cibeunying Kaler;Taman Titiran;Jl. Titiran;210;2018
Cibeunying;327318;Cibeunying Kaler;Taman Merak;Jl. Merak;1021;2018
Cibeunying;327318;Cibeunying Kaler;Taman Surapati;Jl. Surapati;1350;2018
Cibeunying;327318;Cibeunying Kaler;Lapangan Olahraga;Komplek Perumahan Sukaluyu;5878;2018
Cibeunying;327318;Cibeunying Kaler;Taman jalaprang;-;1759.49;2018
Cibeunying;327318;Cibeunying Kaler;Taman RW.02 Kel. Neglasari;-;220;2018
Cibeunying;327318;Cibeunying Kaler;Taman RW 05 Kel. Pasirlayung;-;650.47;2018
Cibeunying;327318;Cibeunying Kaler;Taman RW 08 Kel. Pasirlayung;-;307.29;2018
Cibeunying;327318;Cibeunying Kaler;Taman RW 05 Pasirlayung;Jl. Bungursari II;650;2018
Cibeunying;327318;Cibeunying Kaler;Taman RW 08 Cihaurgeulis;Jl. Muararajeun Lama;-;2018
Cibeunying;327318;Cibeunying Kaler;Taman RW 09 Sukaluyu;Jl. Jalaprang Sukaluyu;215;2018
Cibeunying;327318;Cibeunying Kaler;Taman RW 10 Sukamaju;Jl. Sukamaju;-;2018
Tegallega;327310;Astanaanyar;Taman Astana Anyar;Jl. Astana Anyar;56.89;2018
Tegallega;327310;Astanaanyar;Taman Pajagalan I;Jl. Pajagalan;49.7;2018
Tegallega;327310;Astanaanyar;Taman Pajagalan II;Jl. Pajagalan;746.9;2018
Tegallega;327310;Astanaanyar;Taman Inhoftank;Jl. Inhoftank;112.77;2018
Tegallega;327310;Astanaanyar;Taman RW.04 Kel. Nyengseret;-;40;2018
Tegallega;327310;Astanaanyar;Taman RW.05 Kel. Nyengseret;-;80;2018
Tegallega;327310;Astanaanyar;Taman RW 03 Kel. Karasak;-;105;2018
Tegallega;327310;Astanaanyar;Taman RW 06 Kel. Pelindung Hewan;-;400;2018
Tegallega;327303;Babakan Ciparay;Taman Lingkungan Perumahan Sumber Sari;Jl. Sumber Sari;2973;2018
Tegallega;327303;Babakan Ciparay;Taman Caringin;Jl. Caringin;63;2018
Tegallega;327303;Babakan Ciparay;Taman RW.04 Kel. Sukahaji;Jl. Pasirkoja;70;2018
Tegallega;327303;Babakan Ciparay;Taman RW 07 Kel. Margahayu Utara;Komp. Cibolerang;371.36;2018
Tegallega;327303;Babakan Ciparay;Taman Cibolerang;Komp. CibolerangBlok C;891;2018
Tegallega;327303;Babakan Ciparay;Taman Satria RW 07 Blok G ;Jl. Satria Wetan;96;2018
Tegallega;327303;Babakan Ciparay;Taman RW RT 07 Cirangrang;Jl. Senja Cirangrang;123;2018
Tegallega;327303;Babakan Ciparay;Taman RW 10 Babakan;Jl. Sumbersari ;112;2018
Tegallega;327303;Babakan Ciparay;Taman RW 05 Cirangrang;Jl. Fatamorgana;115;2018
Tegallega;327303;Babakan Ciparay;Taman RW 01 Margahayu Utara;Jl. Kopo Indah 3;96;2018
Tegallega;327315;Bandung Kulon;Taman Lingkungan Perumahan Sadang;Jl. Sadang;545.23;2018
Tegallega;327315;Bandung Kulon;Taman Lingkungan Perumnas Cijerah I;Jl. Cijerah (Komplek Perumnas Cijerah I);4794;2018
Tegallega;327315;Bandung Kulon;Taman Lingkungan Perumnas Cibuntu;Komplek Perumnas Cibuntu;1370;2018
Tegallega;327315;Bandung Kulon;Taman RW.04 Kel. Caringin;Komp. Taman Holis;210;2018
Tegallega;327315;Bandung Kulon;Taman RW.05 Kel. Caringin;Komp. Bojong Raya;170;2018
Tegallega;327315;Bandung Kulon;Taman RW 08 Kel. Gempolsari;Komp. Bumi Asri  ;271.93;2018
Tegallega;327315;Bandung Kulon;Taman RW 07 Kel. Warung Muncang;-;420;2018
Tegallega;327315;Bandung Kulon;Taman RW 05 Kel. Caringin;-;109;2018
Tegallega;327315;Bandung Kulon;Taman RW 05 Kel. Cijerah;-;289.13;2018
Tegallega;327315;Bandung Kulon;Taman RW 10 Kel. Gempolsari, Bdg Kulon;TamanKomplek Gempol Asri -Jl. Gempol Elok;345.52;2018
Tegallega;327317;Bojongloa Kidul;Taman Leuwipanjang/Lingkar Selatan;Jl. Leuwi Panjang;90.7;2018
Tegallega;327317;Bojongloa Kidul;Taman Lingkar Selatan/Kopo;Jl. Lingkar Selatan;128;2018
Tegallega;327317;Bojongloa Kidul;Taman Cibaduyut/Soekarno Hatta;Jl. Cibaduyut;182.5;2018
Tegallega;327317;Bojongloa Kidul;Taman Kopo/ Soekarno Hatta;Jl. Soekarno Hatta;148;2018
Tegallega;327317;Bojongloa Kidul;Taman RW.02 Komp. Cibaduyut Permai Kel. Cibaduyut Kidul;Jl. Jago Komp. Cibaduyut Permai;150;2018
Tegallega;327317;Bojongloa Kidul;Taman Jl. Muara Sari RW. 11 Kel. Kebonlega;Jl. Muara Sari;100;2018
Tegallega;327317;Bojongloa Kidul;Taman RW 04 Kel. Situsaeur;Jl. Leuwi Anyar;97;2018
Tegallega;327317;Bojongloa Kidul;Taman RW 10 Situsaeur;Jl. Leuwi Anyar;97;2018
Tegallega;327317;Bojongloa Kidul;Taman RW 05 Situsaeur;Jl. Nyengseret Situsaeur;-;2018
Tegallega;327304;Bojongloa Kaler;Taman Lingkar Selatan/Pasirkoja;Jl. Lingkar Selatan;852.25;2018
Tegallega;327304;Bojongloa Kaler;Taman Pagarsih/Jamika;Jl. Pagarsih;151;2018
Tegallega;327304;Bojongloa Kaler;Jalur Hijau Peta;Jl. Peta;2464.46;2018
Tegallega;327304;Bojongloa Kaler;Jalur Hijau Jamika;Jl. Jamika;820;2018
Tegallega;327304;Bojongloa Kaler;Taman Bojongloa / Tukang rampe;Jl. Bojongloa;68;2018
Tegallega;327304;Bojongloa Kaler;Taman Paseban/Kencana Timur;Jl. Paseban;418;2018
Tegallega;327304;Bojongloa Kaler;Taman Kopo Kencana;Jl. Papan Kencana;1249.7;2018
Tegallega;327304;Bojongloa Kaler;Taman Tritisan Kencana;Jl. Tritisan Kencana;956;2018
Tegallega;327304;Bojongloa Kaler;Taman Payung Kencana;Jl. Payung Kencana;605;2018
Tegallega;327304;Bojongloa Kaler;Taman Titisan Kencana;Jl. Titisan Kencana;16;2018
Tegallega;327304;Bojongloa Kaler;Jalur Hijau Undak Kencana;Jl. Undak Kencana;84;2018
Tegallega;327304;Bojongloa Kaler;Taman Ruko Kencana;Jl. Kencana;876.82;2018
Tegallega;327304;Bojongloa Kaler;Taman Babakan Ciparay;Jl. Babakan Ciparay;35;2018
Tegallega;327304;Bojongloa Kaler;Taman Babakan Tarogong;Jl. Babakan Tarogong;616;2018
Tegallega;327304;Bojongloa Kaler;Taman Sudirman/Jamika;Jl. Jamika;286.6;2018
Tegallega;327304;Bojongloa Kaler;Taman RW.04 Kel. Kopo;-;80;2018
Tegallega;327304;Bojongloa Kaler;Taman RW 09 Kel. Kopo;Jl.Citarip 3;109.45;2018
Tegallega;327304;Bojongloa Kaler;Taman RW 10 Kel. Sukaasih;-;247.1;2018
Karees;327316;Kiaracondong;Jalur Hijau Komplek Ruko;Jl. Kawaluyaan;123.12;2018
Karees;327316;Kiaracondong;Jalur Hijau Bunderan Ruko;Jl. Kawaluyaan;84.92;2018
Karees;327316;Kiaracondong;Jalur Hijau Bundaran Boulevard I;Jl. Kawaluyaan;154.5;2018
Karees;327316;Kiaracondong;Jalur HijauTaman Boulevard 1;Jl. Kawaluyaan;48.8;2018
Karees;327316;Kiaracondong;Jalur HijauTaman Boulevard 2;Jl. Kawaluyaan;58.5;2018
Karees;327316;Kiaracondong;Jalur HijauTaman Boulevard 3;Jl. Kawaluyaan;58.51;2018
Karees;327316;Kiaracondong;Jalur HijauTaman Boulevard 4;Jl. Kawaluyaan;32.9;2018
Karees;327316;Kiaracondong;Jalur HijauTaman Boulevard 5;Jl. Kawaluyaan;18.99;2018
Karees;327316;Kiaracondong;Jalur Terusan Jl. Kiaracondong;Jl. Kawaluyaan;3790.5;2018
Karees;327316;Kiaracondong;Taman depan (GSB kiri dan GSB kanan);Jl. Kawaluyaan;239.25;2018
Karees;327316;Kiaracondong;Taman 1;Jl. Kawaluyaan;56.17;2018
Karees;327316;Kiaracondong;Taman 2;Jl. Kawaluyaan;58.17;2018
Karees;327316;Kiaracondong;Taman 3;Jl. Kawaluyaan;54.4;2018
Karees;327316;Kiaracondong;Taman 4;Jl. Kawaluyaan;23.87;2018
Karees;327316;Kiaracondong;Taman 5;Jl. Kawaluyaan;1863.78;2018
Karees;327316;Kiaracondong;Taman danLapangan tenis;Jl. Kawaluyaan;1313.78;2018
Karees;327316;Kiaracondong;Taman belakang;Jl. Kawaluyaan;886.34;2018
Karees;327312;Batununggal;Taman Pulau Jalan Gatot Subroto/Laswi;Jl. Gatot Subroto;428.4;2018
Karees;327312;Batununggal; Bak Bunga Gatot Subroto/Laswi;Jl. Gatot Subroto;84.6;2018
Karees;327312;Batununggal;Taman Kebon Waru I;Jl. Kebon Waru;1901.2;2018
Karees;327312;Batununggal;Taman Kebon Waru II;Jl. Kebon Waru;234.2;2018
Karees;327312;Batununggal;Taman Anyer;Jl. Anyer;2814;2018
Karees;327312;Batununggal; Stadion Persib;Jl. A. yani;23005.05;2018
Karees;327312;Batununggal;Taman Salendro Timur;Jl. Salendro Timur;472;2018
Karees;327312;Batununggal;Taman Pulau Jalan Laswi;Jl. Laswi;234.4;2018
Karees;327312;Batununggal;Taman RW 05 Kel. Kebonwaru;-;100.13;2018
Karees;327312;Batununggal;Taman RW 05 Kel. Gumuruh;-;216.75;2018
Karees;327312;Batununggal;Taman RW 10 Kel. Gumuruh Kec. Batununggal;Jl. Salendro Timur V;417.01;2018
Karees;327313;Lengkong;Taman Halaman Pendopo;Jl. Dalem Kaum;11000;2018
Karees;327313;Lengkong;Taman Gurame;Jl. Gurame;197.5;2018
Karees;327313;Lengkong;Taman Karapitan UNLA;Jl. Karapitan;767.2;2018
Karees;327313;Lengkong;Taman Lauk Emas;Jl. Lauk Emas;232;2018
Karees;327313;Lengkong;Taman Tawes;Jl. Tawes;418.7;2018
Karees;327313;Lengkong;Taman Nilem;Jl. Nilem;1725;2018
Karees;327313;Lengkong;Lapangan Impun;Jl. Impun;633.5;2018
Karees;327313;Lengkong;Taman Pulau Jalan Cikawao/Lengkong;Jl. Cikawao;60;2018
Karees;327313;Lengkong;Jalur Hijau Sadakeling;Jl. Sadakeling;226.5;2018
Karees;327313;Lengkong;Taman Macan;Jl. Macan;1712;2018
Karees;327313;Lengkong;Taman Srigala;Jl. Srigala;2336;2018
Karees;327313;Lengkong;TamanLapangan Lembu;Jl. Lembu ;3412;2018
Karees;327313;Lengkong;TamanLapangan Kidang Dalam;Jl. Kidang;2240;2018
Karees;327313;Lengkong;TamanLapangan Terong;Jl. Terong;1350;2018
Karees;327313;Lengkong;Taman Deleg;Jl. Deleg;312.5;2018
Karees;327313;Lengkong;Taman Palasari / Banteng I;Jl. Palasari;209.3;2018
Karees;327313;Lengkong;Taman Palasari / Banteng II;Jl. Palasari;57.2;2018
Karees;327313;Lengkong;Taman Tugu Simpang Lima;Jl. Asia Afrika;239.62;2018
Karees;327313;Lengkong;Taman Tank Baja Gatot Subroto;Jl. Gatot Subroto;722;2018
Karees;327313;Lengkong;Taman Burangrang BPI;Jl. Burangrang;1734;2018
Karees;327313;Lengkong;Taman Palasari/Malabar;Jl. Palasari;2784;2018
Karees;327313;Lengkong; Pulau Jalan Martanegara/Pelajar Pejuang;Jl. Martanegara;128.4;2018
Karees;327313;Lengkong; Pulau Jalan Buah Batu/BKR;Jl. Buah Batu;198;2018
Karees;327313;Lengkong;Jalur Hijau Laswi;Jl. Laswi;2240;2018
Karees;327313;Lengkong;Taman RW 03 Kel. Turangga;-;578;2018
Karees;327313;Lengkong;Taman RW 07 Kel. Turangga;-;52;2018
Karees;327313;Lengkong;Jalur Hijau Pelajar Pejuang '45;Jl. Pelajar Pejuang '45;3410;2018
Karees;327313;Lengkong;Taman Pers Malabar;Jl. Malabar/Jl. Palasari;5007.68;2018
Karees;327313;Lengkong;Taman Burangrang/Emong;Jl. Burangrang;280.6;2018
Karees;327313;Lengkong;Taman Burangrang/Wayang;Jl. Burangrang;841;2018
Karees;327313;Lengkong;Taman Putri;Jl. Putro;960;2018
Karees;327313;Lengkong;Taman Tampomas;Jl. Tampomas;210;2018
Karees;327313;Lengkong;Taman Windu;Jl. Windu;264;2018
Karees;327313;Lengkong;Taman Galunggung;Jl. Galunggung;288;2018
Karees;327313;Lengkong;Taman Palasari/Lodaya I;Jl. Palasari;590.5;2018
Karees;327313;Lengkong;Taman Palasari/Lodaya II;Jl. Palasari;418;2018
Karees;327313;Lengkong;Taman Kangkung Kidul/Kaler;Jl. Kangkung Kidul;4848;2018
Karees;327313;Lengkong; Bak Bunga Ceremai;Jl. Ceremai;441;2018
Karees;327313;Lengkong;Taman Turangga;Jl. Turangga;328;2018
Karees;327313;Lengkong;Taman Durma;Jl. Durma;1581;2018
Karees;327313;Lengkong;Taman Simphony;Jl. Sinphony;1733.7;2018
Karees;327313;Lengkong;Taman Kliningan;Jl. Kliningan;1640;2018
Karees;327313;Lengkong;Lapang Saron;Jl. Saron;2350;2018
Karees;327311;Regol;Taman Patung Ikan;Jl. Lingkar Selatan;170;2018
Karees;327311;Regol;Taman Alun-alun Bandung;Jl. Asia Afrika;12000;2018
Karees;327311;Regol;Taman Moch. Toha - Ciateul;Jl. Moch. Toha;88.8;2018
Karees;327311;Regol;Taman Cilentah (Taman Bobotoh);Jl. Cilentah;1608.2;2018
Karees;327311;Regol;Taman Sawah Kurung;Jl. Sawah Kurung;1895.5;2018
Karees;327311;Regol;Taman Ciateul Tengah;Jl. Ciateul Tengah;894;2018
Karees;327311;Regol;Taman Pulau Jalan Moch. Toha/BKR;Jl. Moch. Toha;359.4;2018
Karees;327311;Regol;Taman Moch. Toha batas;Jl. Moch. Toha;77.2;2018
Karees;327311;Regol;Taman Pulau Jalan Patung Ikan;Jl. BKR;547.74;2018
Karees;327311;Regol;Jalur Hijau BKR;Jl. BKR;3410;2018
Karees;327311;Regol;Taman Sriwijaya;Jl. Sriwijaya;375.23;2018
Karees;327311;Regol;TamanLapang Tegallega;Jl. Otista;190011.02;2018
Karees;327311;Regol;Taman Ciateul;Jl. Ciateul ;34;2018
Karees;327311;Regol;Taman RW.09 Kel. Ciateul (Taman Lansia Regol);Jl. Ciateul ;100;2018
Karees;327311;Regol;Taman RW.12 Kel. Cigereleng /Taman Pembauran;-;200;2018
Karees;327311;Regol;Taman RW 01 Kel. Pungkur;-;123.96;2018
Karees;327311;Regol;Taman RW 01 Kel. Pasirluyu;-;185;2018
Karees;327311;Regol;Taman RW 06 Pasirluyu;Jl.Pasir Jaya;125.00;2018
Arcamanik;327320;Antapani;Taman RW 02 Kel. Antapani Tengah;Antapani Tengah;171;2018
Arcamanik;327320;Antapani;Taman RW 03 Kel. Antapani Kulon; Antapani Kulon ;324;2018
Arcamanik;327320;Antapani;Taman RW 06 Kel. Antapani Wetan;Antapani Wetan;468.4;2018
Arcamanik;327320;Antapani;Taman RW 15 Kel. Antapani Kidul;Antapani Kidul;430.5;2018
Arcamanik;327320;Antapani;Taman RW 17 Kel. Antapani Tengah;Antapani Tengah;220.28;2018
Arcamanik;327320;Antapani;Taman RW 09 Kel. Antapani Kidul;Antapani Kidul;320;2018
Arcamanik;327320;Antapani;Taman RW 24 Kel. Antapani Tengah;Perumahan Parakan Mas;194.46;2018
Arcamanik;327320;Antapani;Taman RW 01 Kel. Antapani Tengah ;Jl. Terusan Jalan jakarta No 78A;62.34;2018
Arcamanik;327320;Antapani;Taman RW 02 Kel. Antapani Kulon ;Jl. Jakarta Dalam No. 20;191.07;2018
Arcamanik;327320;Antapani;Taman RW 07 Kel. Pasirwangi, Ujungberung;-;590.11;2018
Arcamanik;327320;Antapani;Taman Jatiwangi Blok 26;Jl. Jatiwangi 10;237;2018
Arcamanik;327320;Antapani;Taman Terusan Jalan Jakarta;Jl. Terusan Jakarta Barat;343;2018
Arcamanik;327320;Antapani;Taman Rengasdenglok;Jl. Rengasdenglok II/IV;988;2018
Arcamanik;327320;Antapani;Taman Subang Blok 5;Jl. Subang;1826;2018
Arcamanik;327320;Antapani;Taman Kadipaten-Cicalengka;Jl. Kadipaten IX;887;2018
Arcamanik;327320;Antapani;Taman Purwakarta-Kadipaten;Jl. Purwakarta;1563;2018
Arcamanik;327320;Antapani;Taman Kuningan Blok 20;Jl. Kuningan 6-8;252;2018
Arcamanik;327320;Antapani;Taman Kadipaten Blok 12;Jl. Kadipaten 5;237;2018
Arcamanik;327320;Antapani;Taman Jatiwangi;Jl. Jatiwangi;1256;2018
Arcamanik;327320;Antapani;Taman Cikampek;Jl. CikampekBlok 9;624;2018
Arcamanik;327320;Antapani;Taman Antapani Lama;-;102;2018
Arcamanik;327320;Antapani;Taman RW 03 Antapani Tengah;Jl.Subang II;55;2018
Arcamanik;327320;Antapani;Taman RW 01 Antapani Tengah;Jl.Purwakarta;150;2018
Arcamanik;327320;Antapani;Taman Batu Tulis;Jl. Batu Tulis;2614;2018
Arcamanik;327320;Antapani;Taman Karang Asem;Jl. Tabanan-Karang Asem;1438;2018
Arcamanik;327320;Antapani;Taman Sragen-Klaten;Jl. Sragen-Klaten;489;2018
Arcamanik;327320;Antapani;Taman Purworejo;Jl. Purworejo-Kebumen;1010;2018
Arcamanik;327320;Antapani;Taman Pekalongan;Jl. Pekalongan;969;2018
Arcamanik;327320;Antapani;Taman Jayapura;Jl. Jayapura-Manokwari;1104;2018
Arcamanik;327320;Antapani;Taman Batu Wangi-Sindang Kasih;Jl. Sindangkasih;1098;2018
Arcamanik;327320;Antapani;Taman Atambua;Jl. Atambua;664;2018
Arcamanik;327320;Antapani;TamanJalur Pratista Utama;Jl. Pratista Utama;889;2018
Arcamanik;327320;Antapani;Taman Pratista Raya;Jl. Pratista Raya;34.89;2018
Arcamanik;327320;Antapani;Taman Blok D-39;Jl. Pratista;104.32;2018
Arcamanik;327320;Antapani;Taman Pratista Barat I;Jl. Pratista Barat I;51;2018
Arcamanik;327320;Antapani;Taman Pratista Barat II;Jl. Pratista Barat II;113;2018
Arcamanik;327320;Antapani;Taman Pranaya 1;Jl. Antapani-Soekarno Hatta;89;2018
Arcamanik;327320;Antapani;Taman Gerbang Pranaya;Jl. Pintu Gerbang;49.23;2018
Arcamanik;327320;Antapani;Taman Pranaya 2;Jl. Raya Pranaya;170;2018
Arcamanik;327320;Antapani;Taman Bougenville;Komplek Perumahan Bougenville;4746;2018
Arcamanik;327324;Arcamanik;Taman Gantole;Jl. Gantole;192.89;2018
Arcamanik;327324;Arcamanik;Taman Aeromodeling;Jl. Aeromedelling;816;2018
Arcamanik;327324;Arcamanik;Taman Golf Barat 2 A;Jl. Golf Barat II;839.91;2018
Arcamanik;327324;Arcamanik;Taman Polo Air;Jl. Ters. Tenis-Polo Air;328.32;2018
Arcamanik;327324;Arcamanik;Taman Golf Barat 2 B;Jl. Golf Barat II;212;2018
Arcamanik;327324;Arcamanik;Taman Gantole-Dirgantara;Jl. Gantole-Dirgantara;75;2018
Arcamanik;327324;Arcamanik;TamanLapangan Pacuan Kuda;-;665000;2018
Arcamanik;327324;Arcamanik;Taman Golf Barat XIII;Jl. Golf Barat XIII;940;2018
Arcamanik;327324;Arcamanik;Taman Hocky;Jl. Hocky-Sepakbola;442;2018
Arcamanik;327324;Arcamanik;Taman Terbang Layang I;Jl. Terbang Layang I;1338;2018
Arcamanik;327324;Arcamanik;Taman Taekondo-Kempo;Jl. Taekwondo-Kempo;396;2018
Arcamanik;327324;Arcamanik;Taman Ski Air;Jl. Ski Air-Layar;7139.78;2018
Arcamanik;327324;Arcamanik;Taman Bulu Tangkis;Jl. Atlet-Bowling-Bulutangkis;69;2018
Arcamanik;327324;Arcamanik;Taman Golf Barat 2 C;Jl. Golf Barat II;325;2018
Arcamanik;327324;Arcamanik;Taman Terbang Layang II;Jl. Terang Layang;375.46;2018
Arcamanik;327324;Arcamanik;Taman Bowling;Jl. Bowling-Loncat Indah;732.12;2018
Arcamanik;327324;Arcamanik;Taman Sudut Arcamanik;Jl. Raya Ujung Berung-Arcamanik;286.44;2018
Arcamanik;327324;Arcamanik;Taman Arcamanik I;-;374;2018
Arcamanik;327324;Arcamanik;Taman Arcamanik II;-;740.33;2018
Arcamanik;327324;Arcamanik;Taman Arcamanik III;-;810.05;2018
Arcamanik;327324;Arcamanik;Taman Arcamanik IV;-;660;2018
Arcamanik;327324;Arcamanik;Taman Arcamanik V;-;616;2018
Arcamanik;327324;Arcamanik;Taman Arcamanik VII;-;440.06;2018
Arcamanik;327324;Arcamanik;Taman Arcamanik XVIII;-;599.61;2018
Arcamanik;327324;Arcamanik;Taman Balon Udara;Jl. Balon Udara;242;2018
Arcamanik;327324;Arcamanik;Taman Aeromodeling III;Jl. Aeromedelling III;185;2018
Arcamanik;327324;Arcamanik;Taman Aeromodeling IV;Jl. Aeromedelling IV;338;2018
Arcamanik;327324;Arcamanik;Taman Dirgantara;Jl. Dirgantara;315;2018
Arcamanik;327324;Arcamanik;Taman Tenis;Jl. Tenis;390;2018
Arcamanik;327324;Arcamanik;Taman Ice Skating I;Jl. Ice Skating;312;2018
Arcamanik;327324;Arcamanik;Taman Ice Skating I;Jl. Ice Skating;325;2018
Arcamanik;327324;Arcamanik;Taman Terjun Tendom;Jl. Terjun Tendom;208;2018
Arcamanik;327324;Arcamanik;Taman RW. 09 Komp. Guruminda Kel. Cisaranten Kulon;Jl. Cisaranten Kulon;170;2018
Arcamanik;327324;Arcamanik;Taman RW Jl. Cicukang Kel. Cisaranten Bina Harapan;Jl. Cicukang;200;2018
Arcamanik;327324;Arcamanik;Taman Arcamanik ;-;661.5;2018
Arcamanik;327324;Arcamanik;Taman RW 07 Kel. Cisaranten Bina Harapan;Komplek Bina Marga CisarantenBlok 1;289.62;2018
Arcamanik;327324;Arcamanik;Taman RW 11 Kel. Cisaranten Kulon;Jl.Permata Permai V;158;2018
Arcamanik;327324;Arcamanik;Taman RW 13 Kel. Sukamiskin;-;235;2018
Arcamanik;327324;Arcamanik;Taman RW 12 Kel. Cisaranten Endah;-;741.28;2018
Arcamanik;327324;Arcamanik;Taman RW 10 Kel. Cisaranten Bina Harapan;-;266.75;2018
Arcamanik;327324;Arcamanik;Taman Golf Barat VII Depan No 07;Jl.Golf Barat VII;-;2018
Arcamanik;327324;Arcamanik;Taman RW 09 di Kec Arcamanik;Jl. Olahraga (Kampoeng Takakura);231.28;2018
Arcamanik;327330;Mandalajati;Taman Median Jalan;Komplek Tamansari Bukit Bandung;400;2018
Arcamanik;327330;Mandalajati;Taman Median Depan Ruko;Komplek Tamansari Bukit Bandung;150;2018
Arcamanik;327330;Mandalajati;Taman Median Blok I A;Komplek Tamansari Bukit Bandung;171;2018
Arcamanik;327330;Mandalajati;Taman Median Blok I;Komplek Tamansari Bukit Bandung;79;2018
Arcamanik;327330;Mandalajati;Taman Median Blok II;Komplek Tamansari Bukit Bandung;212;2018
Arcamanik;327330;Mandalajati;Taman Median Blok III;Komplek Tamansari Bukit Bandung;79;2018
Arcamanik;327330;Mandalajati;Taman Median Blok V (Bunderan);Komplek Tamansari Bukit Bandung;5;2018
Arcamanik;327330;Mandalajati;Taman Median Blok VI;Komplek Tamansari Bukit Bandung;20;2018
Arcamanik;327330;Mandalajati;Taman Median Blok VII;Komplek Tamansari Bukit Bandung;21;2018
Arcamanik;327330;Mandalajati;Taman Median Blok VIII;Komplek Tamansari Bukit Bandung;141;2018
Arcamanik;327330;Mandalajati;Taman Median Blok IX;Komplek Tamansari Bukit Bandung;30;2018
Arcamanik;327330;Mandalajati;Jalur Hijau Blok XI;Komplek Tamansari Bukit Bandung;362;2018
Arcamanik;327330;Mandalajati;Jalur Hijau Blok XIV;Komplek Tamansari Bukit Bandung;350;2018
Arcamanik;327330;Mandalajati;Jalur Hijau Blok XV;Komplek Tamansari Bukit Bandung;274;2018
Arcamanik;327330;Mandalajati;Taman Terasering Blok ID;Komplek Tamansari Bukit Bandung;1913;2018
Arcamanik;327330;Mandalajati;Taman Terasering Blok II;Komplek Tamansari Bukit Bandung;444;2018
Arcamanik;327330;Mandalajati;Taman Sisi Kanan-Kiri Saluran Induk;Komplek Tamansari Bukit Bandung;798;2018
Arcamanik;327330;Mandalajati;Jalur Hijau Sebelah SelatanLapangan Tenis;Komplek Tamansari Bukit Bandung;600;2018
Arcamanik;327330;Mandalajati;Taman Eks TPA Pasir Impun;Jl. Ujung Berung;44600;2018
Arcamanik;327330;Mandalajati;Taman Eks TPA Cicabe;Jl. Ujung Berung;41803.57;2018
Arcamanik;327330;Mandalajati;Taman RW Depan Kantor Kel. Sindanglaya;-;150;2018
Arcamanik;327330;Mandalajati;Taman RW 11 Kel. Sindangjaya;-;200;2018
Arcamanik;327330;Mandalajati;Taman RW 03 Sindangjaya;Jl.Sindangjaya;185;2018
Arcamanik;327330;Mandalajati;Taman RW 06 Karang Pamulang;Jl.Kampung Kertasari;-;2018
Ujungberung;327326;Ujungberung;Taman Sukup Baru;Jl. Sukup Baru;458;2018
Ujungberung;327326;Ujungberung;Taman Sukup;Jl. Sukup;81;2018
Ujungberung;327326;Ujungberung;Alun-Alun Ujungberung;Jl. A.H. Nasution - Cigending - Ujung Berung;5089;2018
Ujungberung;327326;Ujungberung;Taman Ujung Berung Indah 1;Komplek Ujung Berung ;982;2018
Ujungberung;327326;Ujungberung;Taman Ujung Berung Indah 2;Jl. Depan TK;250;2018
Ujungberung;327326;Ujungberung;Taman Ujung Berung Indah 3;Jl. Bunderan;59;2018
Ujungberung;327326;Ujungberung;Taman Ujung Berung Indah 4;Jl. Pintu MasukKomplek;148;2018
Ujungberung;327326;Ujungberung;Taman RT.03 RW.05 Komp. Mayang Ligar Kel. Pasir Endah;-;200;2018
Ujungberung;327326;Ujungberung;Taman RW.13 Kel. Pasir Jati;-;140;2018
Ujungberung;327326;Ujungberung;Taman RW 14 Kel. Pasanggrahan;-;399.67;2018
Ujungberung;327326;Ujungberung;Taman RW 11 Kel. Cigending (RT 06 dan RT 05);-;251.35;2018
Ujungberung;327326;Ujungberung;Taman RW 14 Kel. Pasirjati;-;217.81;2018
Ujungberung;327326;Ujungberung;Taman RW 01 Kel. Cigending;Jl.Cigending;151.81;2018
Ujungberung;327326;Ujungberung;Taman RW 14 Kel. Pasanggrahan;-;233.61;2018
Ujungberung;327326;Ujungberung;Taman RW 13 Kel. Pasirjati;-;224.45;2018
Ujungberung;327326;Ujungberung;Taman RW 07 Kel. Pasir Endah;-;181;2018
Ujungberung;327326;Ujungberung;TamanLapangan Blok J; LapanganBlok J/H Perumahan Bumi Panyileukan;1056;2018
Ujungberung;327326;Ujungberung;Taman Blok J;Blok J/H Perumahan Bumi Panyileukan;1005;2018
Ujungberung;327326;Ujungberung;Taman Blok G-II;Blok G.5 Perumahan Bumi Panyileukan;393.24;2018
Ujungberung;327326;Ujungberung;Taman Blok H;Blok H.2 Perumahan Bumi Panyileukan;675.95;2018
Ujungberung;327326;Ujungberung;Taman Blok P-I;Blok P.2 Perumahan Bumi Panyileukan;784;2018
Ujungberung;327326;Ujungberung;Taman Blok P-II;Blok P.2 Perumahan Bumi Panyileukan;667;2018
Ujungberung;327326;Ujungberung;Taman Blok N;Blok N1 dan N2 Perumahan Bumi Panyileukan;565.5;2018
Ujungberung;327326;Ujungberung;Taman Blok Q;Blok Q 3 Perumahan Bumi Panyileukan;515;2018
Ujungberung;327326;Ujungberung;Jalur Hijau N-R;Blok N-R Perumahan Bumi Panyileukan;1309;2018
Ujungberung;327326;Ujungberung;Taman Blok N;Blok N-R Perumahan Bumi Panyileukan;322.5;2018
Ujungberung;327326;Ujungberung;Taman Blok K;Blok K-M Perumahan Bumi Panyileukan;540;2018
Ujungberung;327326;Ujungberung;Jalur Hijau L-I 10;Blok i6-i10 Perum Bumi Panyileukan;2387;2018
Ujungberung;327326;Ujungberung;Taman Blok L;Blok L.16 Perumahan Bumi Panyileukan;1214;2018
Ujungberung;327326;Ujungberung;Taman Blok F;Blok F.14-15 Perumahan Bumi Panyileukan;940.85;2018
Ujungberung;327326;Ujungberung;Jalur Hijau Blok F;Blok F2-F12 Perumahan Bumi Panyileukan;4005;2018
Ujungberung;327326;Ujungberung;TamanLapangan Olahraga Blok E;Blok E Lap OR Perumahan Bumi Panyileukan;897;2018
Ujungberung;327326;Ujungberung;Taman Blok E;Blok E-F Perumahan Bumi Panyileukan;30;2018
Ujungberung;327326;Ujungberung;Taman Blok F-G;Blok F-G Perumahan Bumi Panyileukan;782;2018
Ujungberung;327326;Ujungberung;Taman Blok F;Blok F Perumahan Bumi Panyileukan;240;2018
Ujungberung;327326;Ujungberung;Taman Blok C;Blok C.1 Perumahan Bumi Panyileukan;105;2018
Ujungberung;327326;Ujungberung;Jalur Hijau Blok C;Blok C16-C22 Perumahan Bumi Panyileukan;1840;2018
Ujungberung;327326;Ujungberung;Jalur Hijau Blok A I;Blok A Perumahan Bumi Panyileukan;943.8;2018
Ujungberung;327326;Ujungberung;Jalur Hijau Blok A II;Blok A Perumahan Bumi Panyileukan;608;2018
Ujungberung;327326;Ujungberung;Taman Blok B;Blok B Perumahan Bumi Panyileukan;80;2018
Ujungberung;327326;Ujungberung;Taman Blok A1-I;Blok A1 Perumahan Bumi Panyileukan;965.6;2018
Ujungberung;327326;Ujungberung;Taman Blok A1-II;Blok A1 Perumahan Bumi Panyileukan;225;2018
Ujungberung;327326;Ujungberung;Taman Blok A;Blok A Perumahan Bumi Panyileukan;36.75;2018
Ujungberung;327326;Ujungberung;TamanLapangan Olahraga Blok E;Blok E.3 Lap OR Perumahan Bumi Panyileukan;550;2018
Ujungberung;327326;Ujungberung;Taman Blok E-G (I);Blok E-G Perumahan Bumi Panyileukan;76.5;2018
Ujungberung;327326;Ujungberung;Taman Blok E-G (II);Blok E-G Perumahan Bumi Panyileukan;120;2018
Ujungberung;327326;Ujungberung;Taman Blok Citra AB;Blok Citra AB Perumahan Bumi Panyileukan;1092.5;2018
Ujungberung;327326;Ujungberung;Taman Blok Citra;Blok Citra Perumahan Bumi Panyileukan;392;2018
Ujungberung;327326;Ujungberung;Taman Cijambe Indah;Jl.Wijaya Kusuma II;659;2018
Ujungberung;327326;Ujungberung;Taman Pamekar;Jl. Pamekar Timur II;327;2018
Ujungberung;327326;Ujungberung;Taman Mekar Resik;Jl. Mekar Resik;489;2018
Ujungberung;327326;Ujungberung;Taman Pamekar Barat;Jl. Pamekar Raya;320;2018
Ujungberung;327326;Ujungberung;Taman Pamekar Timur;Jl. Pamekar Raya;455;2018
Ujungberung;327326;Ujungberung;Taman Mekar Sugih;Jl. Mekar Sugih;400;2018
Ujungberung;327326;Ujungberung;Taman Panyileukan;Jl.Blok K - L - M;3959.34;2018
Ujungberung;327326;Ujungberung;Taman Panyileukan 1;Jl.Blok A;3184.4;2018
Ujungberung;327326;Ujungberung;Taman Panyileukan 2;Jl. Utama H - I - J;1494.95;2018
Ujungberung;327326;Ujungberung;Taman Panyileukan 3;Jl. RayaBlok A-B;497;2018
Ujungberung;327326;Ujungberung;Taman Panyileukan 4;Jl.Blok C;2431;2018
Ujungberung;327326;Ujungberung;Taman Panyileukan 6;Jl.Blok A - B depan masjid;380;2018
Ujungberung;327326;Ujungberung;Taman Panyileukan 7;Jl.Blok E - F - G;4138.9;2018
Ujungberung;327326;Ujungberung;Taman Panyileukan 8;Jl.Blok P - Q - N - R;3747;2018
Ujungberung;327326;Ujungberung;Taman Panyileukan 9;Blok Citra Perumahan Bumi Panyileukan;392;2018
Ujungberung;327326;Ujungberung;Taman RW 02 Kel. Mekarmulya;Jl. Aster Mekar;178.2;2018
Ujungberung;327326;Ujungberung;Taman RW 08 Kel. Cipadung Kidul;Jl. Indah 10;190.5;2018
Ujungberung;327326;Ujungberung;Taman RW 13 Kel. Cipadung Kidul;-;264;2018
Ujungberung;327326;Ujungberung;Taman Pulau Jalan Cibiru I;Jl. Soekarno Hatta;676;2018
Ujungberung;327326;Ujungberung;Taman Pulau Jalan Cibiru II;Jl. Soekarno Hatta;1438;2018
Ujungberung;327326;Ujungberung;Taman Pulau Jalan Cibiru III;Jl. Soekarno Hatta;1965;2018
Ujungberung;327326;Ujungberung;Taman Pulau Jalan Cibiru IV;Jl. Soekarno Hatta;325;2018
Ujungberung;327326;Ujungberung;Taman Pulau Jalan Cibiru V;Jl. Soekarno Hatta;693;2018
Ujungberung;327326;Ujungberung;TamanJalur Cibiru ;Jl. Soekarno Hatta;3312;2018
Ujungberung;327326;Ujungberung;Taman RW.03 Kel. Cisurupan;Jl. Cilengkrang;140;2018
Ujungberung;327326;Ujungberung;Taman RW.05 Kel. Palasari;Jl. Cilengkrang 1;120;2018
Ujungberung;327326;Ujungberung;Taman RW 09 Kel. Cisurupan;Jl. Cigupakan;231.37;2018
Ujungberung;327326;Ujungberung;Taman RW 09 Kel. Palasari;Gg. Cilomera - Cilengkrang 2;220;2018
Ujungberung;327326;Ujungberung;Taman Pulau Jalan Gedebage;Jl. Soekarno Hatta - Gedebage;568;2018
Ujungberung;327326;Ujungberung;Taman Depan Pasar;Jl. Soekarno Hatta - Gedebage;895;2018
Ujungberung;327326;Ujungberung;Taman Samping Barat (depan Mesjid);Jl. Soekarno Hatta - Gedebage;441;2018
Ujungberung;327326;Ujungberung;Jalur Samping Utara (sutet);Jl. Soekarno Hatta - Gedebage;3628;2018
Ujungberung;327326;Ujungberung;Jalur Depan Pasar;Jl. Soekarno Hatta - Gedebage;213;2018
Ujungberung;327326;Ujungberung;Taman RW. 03 Kel. Babakan Penghulu;Jl. Bebedahan;200;2018
Ujungberung;327326;Ujungberung;Taman RW. 05 Kel. Rancabolang;Komplek Adipura;200;2018
Ujungberung;327326;Ujungberung;Taman RW 02 Kel. Babakan Penghulu;Jl. Bebedahan;314.68;2018
Kordon;327322;Buahbatu;Taman di Jl. Bunga Bakung RW. 07 Kel Cijawura;-;150;2018
Kordon;327322;Buahbatu;Taman Jupiter Utama;Jl. Jupiter Utama;92;2018
Kordon;327322;Buahbatu;Taman Blok D II a;Jl. Jupiter Utama;670;2018
Kordon;327322;Buahbatu;Taman Blok D II d;Jl. Jupiter Utama;649;2018
Kordon;327322;Buahbatu;Taman Blok E II;Jl. Jupiter Utama;1539;2018
Kordon;327322;Buahbatu;Taman Blok D II f;Jl. Jupiter Utama;190;2018
Kordon;327322;Buahbatu;Taman Blok D II g;Jl. Jupiter Utama;437;2018
Kordon;327322;Buahbatu;Taman Blok D II h;Jl. Jupiter Utama;413;2018
Kordon;327322;Buahbatu;Taman Blok D II j;Jl. Jupiter Utama;456;2018
Kordon;327322;Buahbatu;Taman Blok U;Jl. Jupiter Utama;236;2018
Kordon;327322;Buahbatu;Taman Blok Z a;Jl. Jupiter Utama;460;2018
Kordon;327322;Buahbatu;Taman Blok B a;Jl. Ciwastra;349;2018
Kordon;327322;Buahbatu;Taman Blok A dan B;Jl. Ciwastra;1499;2018
Kordon;327322;Buahbatu;Taman Blok B b (Taman RW 13);Jl. Pluto Raya;900;2018
Kordon;327322;Buahbatu;Taman Blok K;Jl. Saturnus III;3879;2018
Kordon;327322;Buahbatu;Taman Blok N;Jl. Saturnus Utara VII;600;2018
Kordon;327322;Buahbatu;Taman Blok S a;Jl. Saturnus Ujung IV/II;706.46;2018
Kordon;327322;Buahbatu;Taman Blok S b;Jl. Saturnus Timur X;680;2018
Kordon;327322;Buahbatu;Taman Blok R a;Jl. Saturnus Raya depan No. 22;1010.22;2018
Kordon;327322;Buahbatu;Taman Blok R b;Jl. Saturnus Utara XII;320.64;2018
Kordon;327322;Buahbatu;Taman Blok R/O;Jl. Saturnus Utara/Mars;938.55;2018
Kordon;327322;Buahbatu; Taman Blok Q2 a;Jl. Yupiter Tengah IV;1106;2018
Kordon;327322;Buahbatu; Taman Blok Q2 b;Jl. Meteor Barat;567;2018
Kordon;327322;Buahbatu;Taman Blok H2;Jl. Meteor Barat;483;2018
Kordon;327322;Buahbatu;Taman Blok K2 a;Jl. Yupiter Utama;420;2018
Kordon;327322;Buahbatu;Taman Blok L2 a;Jl. Yupiter Selatan IV;1835;2018
Kordon;327322;Buahbatu;Taman Blok G2;Jl. Yupiter Utama;1781;2018
Kordon;327322;Buahbatu;Taman Blok L2 b;Jl. Yupiter Utama;437;2018
Kordon;327322;Buahbatu;Taman Blok L2 c;Jl. Yupiter Utama;375;2018
Kordon;327322;Buahbatu;Taman Blok L2 d;Jl. Yupiter Utama;874;2018
Kordon;327322;Buahbatu;Taman Blok L2 f;Jl. Meteor Barat;437;2018
Kordon;327322;Buahbatu;Taman Blok L2 g;Jl. Meteor Barat;437;2018
Kordon;327322;Buahbatu;Taman Blok L2 (Al Bayan);Jl. Meteor Barat;816;2018
Kordon;327322;Buahbatu;Taman Blok L2 h;Jl. Meteor Barat;460;2018
Kordon;327322;Buahbatu;Taman Blok L2 i;Jl. Meteor Barat;1994;2018
Kordon;327322;Buahbatu;Taman Blok B2 c;Jl. Yupiter Utama;663;2018
Kordon;327322;Buahbatu;Taman Blok A2;Jl. Jupiter Selatan IV;1922;2018
Kordon;327322;Buahbatu;Taman Blok D2 a;Jl. Yupiter Utama;378;2018
Kordon;327322;Buahbatu;Taman Blok E2 b;Jl. Jupiter Utama ;108;2018
Kordon;327322;Buahbatu;Taman Blok E2 d;Jl. Jupiter Timur;56.04;2018
Kordon;327322;Buahbatu;Taman Blok G2;Jl. Jupiter XIII;625;2018
Kordon;327322;Buahbatu;Taman Blok N2;Jl. Yupiter Utama;600.02;2018
Kordon;327322;Buahbatu;Taman Blok O2 a;Jl. Yupiter Utama III;180;2018
Kordon;327322;Buahbatu;Taman Blok O2 b;Jl. Yupiter Timur;230.67;2018
Kordon;327322;Buahbatu;Taman Blok O2 c;Jl. Yupiter XIII;47.08;2018
Kordon;327322;Buahbatu;Taman Blok T2 depan No. 24;Jl. Yupiter Utama;557;2018
Kordon;327322;Buahbatu;Taman Blok V2;Jl. Galaxy Raya;2173;2018
Kordon;327322;Buahbatu;Taman Blok M2;Jl. Yupiter Utama;413;2018
Kordon;327322;Buahbatu;Taman Blok B2 b;Jl. Jupiter Tengah V;770;2018
Kordon;327322;Buahbatu;Taman RW 04 Kel. Margasari;-;273.25;2018
Kordon;327322;Buahbatu;Taman RW 02 Kel. Sekejati;-;446.47;2018
Kordon;327322;Buahbatu;Taman RW 13 Kel. Margasari;-;315.56;2018
Kordon;327322;Buahbatu;Taman RW 07 Kel. Sekejati ;Galaxy;359.32;2018
Kordon;327321;Bandung Kidul;Taman RW 10 Kel. Kujangsari;-;223.21;2018
Kordon;327321;Bandung Kidul;Taman RW 04 Kel. Jatisari;-;193;2018
Kordon;327321;Bandung Kidul;Taman RW 04 Istana Kawaluyaan Kel.Jatisari;Jl.Istana Kawaluyaan;120;2018
Kordon;327321;Bandung Kidul;Taman Sanggar Hurip 2;Jl. Sanggar Kencana Timur;452;2018
Kordon;327321;Bandung Kidul;Taman Sanggar Hurip 3;Jl. Sanggar Utama;565;2018
Kordon;327321;Bandung Kidul;Taman Sanggar Hurip 6;Jl. Sanggar Kencana 5;480;2018
Kordon;327321;Bandung Kidul;Taman Blok O2 depan no. 125;Jl. Sanggar Kencana Timur;567;2018
Kordon;327321;Bandung Kidul;Taman Blok S2 depan no. 69;Jl. Sanggar Utama;472;2018
Kordon;327321;Bandung Kidul;Taman Blok I2 depan no. 84;Jl. Sanggar Kencana V;325;2018
Kordon;327321;Bandung Kidul;Taman Gading 1;Jl. Gading Barat 4;416;2018
Kordon;327321;Bandung Kidul;Taman Gading 2;Jl. Gading Barat 2;621;2018
Kordon;327321;Bandung Kidul;Taman Gading 3;Jl. Utama;1165;2018
Kordon;327321;Bandung Kidul;Taman Gading 4; Pintu Gerbang;436;2018
Kordon;327321;Bandung Kidul;Taman Gading 5; Depan Kantor Pemasaran;235;2018
Kordon;327321;Bandung Kidul;Taman Gading 6;Jl. Gading Barat 4;214;2018
Kordon;327321;Bandung Kidul;Taman Gading 8; Barat Lapang Tenis;595;2018
Kordon;327321;Bandung Kidul;Taman Gading 9; Selatan Lapang Tenis;2795;2018
Kordon;327321;Bandung Kidul;Taman Gading 10;Jl. Gading Utama Timur;810;2018
Kordon;327321;Bandung Kidul;Taman Gading 11; Sebelah RukanBlok A dan B;376;2018
Kordon;327321;Bandung Kidul;Taman Batu Permata;Jl. Batu Permata II;530;2018
Kordon;327321;Bandung Kidul;Taman 1;Jl. Batununggal Permai II;1646;2018
Kordon;327321;Bandung Kidul;Taman 2;Jl. Batununggal Permai;1794;2018
Kordon;327321;Bandung Kidul;Taman 3;Jl. Batununggal Indah;3720;2018
Kordon;327321;Bandung Kidul;Taman 4;Jl. Batununggal Indah II;617;2018
Kordon;327321;Bandung Kidul;Taman 5;Jl. Batununggal Elok;4855;2018
Kordon;327321;Bandung Kidul; Pulau Jalan Samsat;Jl. Soekarno Hatta depan Samsat;124;2018
Gedebage;327327;Gedebage;Taman RW 12 Kel. Cisaranten;Jl. Riung pureung 9Komplek Riung Bandung;350;2018
Gedebage;327327;Gedebage;Taman RW 07 Kel. Rancanumpang;Perum Cempaka Arum RW 07;1200;2018
Gedebage;327327;Gedebage;Taman RW 07 Kel. Cimincrang;-;306;2018
Gedebage;327327;Gedebage;Taman RW 14 Kel. Cisaranten Kidul;-;358.11;2018
Gedebage;327327;Gedebage;Taman RW 02 dan 07 Kel. Rancanumpang;-;1000;2018
Gedebage;327327;Gedebage;Taman RW 09 Kel. Cisaranten Kidul;-;264.85;2018
Gedebage;327323;Rancasari;Taman RW 06 Kel. Derwati;-;189;2018
Gedebage;327323;Rancasari;Taman RW 10 Kel. Derwati;Saluyu Indah Raya RW 10 Kec. Rancasari;129.78;2018
Gedebage;327323;Rancasari;Taman Metro Estate a;Jl. Venus Timur Raya/Mesjid;3590;2018
Gedebage;327323;Rancasari;Taman Metro Estate b;Jl. Venus Barat IV depan No.15;612;2018
Gedebage;327323;Rancasari;Taman Metro Estate c;Jl. Venus Barat VII depan No.8;462;2018
Gedebage;327323;Rancasari;Taman Metro Estate d;Jl. Venus Barat VII dep. 384;495;2018
Gedebage;327323;Rancasari;Taman Metro Estate e;Jl. Venus Timur VI dan I;495;2018
Gedebage;327323;Rancasari;Taman Metro Estate f;Jl. Venus Barat II;446;2018
Gedebage;327323;Rancasari;Taman Metro Estate g;Jl. Venus Timur I dan II;446;2018
Gedebage;327323;Rancasari;Taman Metro Estate h;Jl. Venus Raya;894;2018
Gedebage;327323;Rancasari;Taman Metro Estate i;Jl. Venus Barat VI;128;2018
Gedebage;327323;Rancasari;Taman Metro Estate j;Jl. Venus Raya;678;2018
Gedebage;327323;Rancasari;Taman Metro Estate m;Jl. Venus Raya;604;2018
Gedebage;327323;Rancasari;Taman Metro Estate n;Jl. Venus Barat IX;450;2018
Gedebage;327323;Rancasari;Taman Metro Estate o;Jl. Venus Raya/Minimarket;518;2018
Gedebage;327323;Rancasari;Taman RW 10 Kel. Mekar Jaya;-;130;2018
Gedebage;327323;Rancasari;Taman Blok Q a;Jl. Tata Surya;1637;2018
Gedebage;327323;Rancasari;Taman Blok Q b;Jl. Mercury Selatan XI;648;2018
Gedebage;327323;Rancasari;Taman Blok Q c;Jl. Mercury Selatan VIII;408;2018
Gedebage;327323;Rancasari;Taman Blok P;Jl. Mars Selatan II dan III;1486;2018
Gedebage;327323;Rancasari;Taman Blok P a;Jl. Mars Barat II/III;376.49;2018
Gedebage;327323;Rancasari;Taman Blok P b;Jl. Mars Timur IV/V;298.11;2018
Gedebage;327323;Rancasari;Taman Blok O;Jl. Mars Selatan  XVI;147.23;2018
Gedebage;327323;Rancasari;Taman Blok P c;Jl. Mars Barat VIII;800;2018
Gedebage;327323;Rancasari;Taman Blok Y a;Jl. Mars Utara II;1182;2018
